gameId,away_hitters,away_AB,away_R,away_H,away_RBI,away_HR,away_BB,away_K,away_AVG,away_OBP,away_SLG,home_hitters,home_AB,home_R,home_H,home_RBI,home_HR,home_BB,home_K,home_AVG,home_OBP,home_SLG
401695608,P. Crow-ArmstrongCF,5,0,0,0,0,0,3,.282,.317,.569,J. SánchezRF,5,2,3,4,1,0,2,.240,.330,.340
401695608,K. TuckerRF,4,0,0,0,0,1,1,.258,.371,.511,A. RamirezC,4,1,1,1,1,0,2,.267,.337,.593
401695608,S. SuzukiLF,4,0,1,0,0,1,1,.243,.299,.508,O. Lopez2B,4,0,1,1,0,0,1,.231,.291,.350
401695608,M. Busch1B,4,2,1,0,0,1,1,.255,.356,.464,K. StowersLF,4,0,1,0,0,0,1,.303,.379,.561
401695608,D. SwansonSS,5,1,2,0,0,0,0,.257,.317,.470,E. Wagaman1B,4,0,0,0,0,0,2,.242,.295,.379
401695608,N. Hoerner2B,5,2,2,0,0,0,0,.293,.335,.368,C. Norby3B,4,1,1,0,0,0,2,.263,.298,.414
401695608,M. BallesterosDH,4,0,2,1,0,0,1,.188,.278,.188,L. HicksDH,4,1,1,1,0,0,1,.280,.348,.500
401695608,M. AmayaC,3,2,2,5,1,1,1,.287,.323,.529,D. HillCF,4,1,2,0,0,0,1,.197,.258,.344
401695608,M. Shaw3B,4,0,2,1,0,0,1,.194,.306,.274,J. SanojaSS,3,2,1,1,0,1,0,.240,.280,.310
401695608,team,38,7,12,7,1,4,9,,,,team,36,8,11,8,2,1,12,,,
401695609,T. FriedlCF,5,2,3,1,0,0,0,.275,.364,.386,K. Hayes3B,4,0,0,0,0,0,2,.244,.294,.304
401695609,S. Espinal3B,4,0,0,0,0,1,1,.271,.326,.316,A. McCutchenDH,4,0,0,0,0,0,2,.241,.340,.358
401695609,E. De La CruzSS,4,2,2,2,0,1,1,.251,.324,.419,B. ReynoldsRF,3,1,1,0,0,1,0,.205,.273,.330
401695609,A. HaysLF,5,1,3,2,0,0,1,.330,.375,.602,J. BartC,4,0,1,1,0,0,0,.270,.383,.349
401695609,G. LuxDH,5,0,2,1,0,0,3,.294,.379,.412,A. CanarioCF,4,0,1,0,0,0,1,.230,.296,.392
401695609,S. Steer1B,4,0,1,0,0,0,0,.209,.273,.335,N. Solak1B-2B,4,0,0,0,0,0,0,.100,.100,.100
401695609,W. BensonRF,4,1,1,0,0,0,1,.353,.405,.882,T. PhamLF,3,0,1,0,0,0,1,.183,.264,.217
401695609,T. StephensonC,3,1,0,0,0,1,1,.184,.286,.306,I. Kiner-FalefaSS,2,0,1,0,0,0,0,.282,.336,.347
401695609,M. McLain2B,3,0,0,1,0,0,2,.179,.294,.324,J. Triolo2B,2,0,0,0,0,0,2,.145,.217,.265
401695609,team,37,7,12,7,0,3,10,,,,aS. HorwitzPH-1B,1,0,0,0,0,0,0,.143,.143,.143
401695609,,,,,,,,,,,,team,31,1,5,1,0,1,8,,,
401695611,F. LindorSS,3,0,0,0,0,1,1,.279,.347,.463,J. DuranLF,4,1,2,1,0,0,0,.268,.316,.421
401695611,J. SotoRF,4,0,1,0,0,0,0,.246,.376,.439,R. DeversDH,2,1,0,0,0,2,0,.286,.405,.511
401695611,P. Alonso1B,3,0,1,0,0,1,1,.301,.408,.557,A. Bregman3B,3,0,1,1,0,1,0,.303,.386,.569
401695611,B. NimmoLF,4,0,0,0,0,0,1,.220,.283,.410,W. AbreuRF,4,0,1,0,0,0,0,.264,.354,.522
401695611,M. VientosDH,4,0,0,0,0,0,1,.235,.296,.377,T. StorySS,4,0,1,1,0,0,1,.231,.275,.341
401695611,B. Baty3B,3,0,0,0,0,0,1,.217,.244,.458,N. Sogard1B,4,0,0,0,0,0,1,.240,.269,.280
401695611,aS. MartePH,1,0,1,0,0,0,0,.211,.315,.329,D. Hamilton2B,4,0,1,0,0,0,1,.226,.262,.355
401695611,F. AlvarezC,4,1,2,0,0,0,1,.267,.353,.350,C. NarvaezC,3,1,2,0,0,1,0,.278,.346,.443
401695611,J. McNeil2B,2,0,1,0,0,1,0,.255,.381,.471,C. RafaelaCF,4,0,0,0,0,0,2,.240,.290,.360
401695611,T. TaylorCF,3,0,2,1,0,0,1,.244,.295,.366,team,32,3,8,3,0,4,5,,,
401695611,team,31,1,8,1,0,3,7,,,,,,,,,,,,,,
401695610,J. PenaSS,4,0,3,0,0,0,0,.309,.362,.455,Y. DiazDH,4,1,2,0,0,0,0,.249,.297,.401
401695610,I. Paredes3B,4,0,2,0,0,0,0,.265,.375,.435,J. CaballeroRF-LF,4,0,1,1,0,0,2,.260,.333,.385
401695610,J. Altuve2B,4,0,0,0,0,0,1,.236,.290,.337,C. MorelLF,3,0,0,0,0,0,0,.204,.286,.336
401695610,C. Walker1B,4,0,0,0,0,0,0,.202,.276,.347,bJ. LowePH-RF,1,0,0,0,0,0,0,.300,.333,.500
401695610,Y. DiazDH,4,0,0,0,0,0,1,.224,.247,.366,J. Caminero3B,4,0,1,0,0,0,2,.235,.265,.412
401695610,V. CaratiniC,4,1,1,1,1,0,1,.256,.348,.423,B. Lowe2B,4,1,1,0,0,0,0,.218,.274,.358
401695610,J. MeyersCF,3,2,2,1,1,1,0,.301,.368,.426,D. JansenC,2,1,1,2,1,1,0,.186,.331,.299
401695610,C. SmithRF,4,1,2,1,0,0,0,.243,.339,.378,C. SimpsonPR-CF,0,0,0,0,0,0,0,.301,.327,.344
401695610,C. McCormickLF,3,0,1,1,0,0,0,.235,.350,.265,C. Mead1B,4,0,1,0,0,0,1,.175,.243,.190
401695610,team,34,4,11,4,2,1,3,,,,T. WallsSS,4,0,0,0,0,0,1,.191,.280,.235
401695610,,,,,,,,,,,,K. MisnerCF,2,0,0,0,0,0,2,.238,.284,.400
401695610,,,,,,,,,,,,aJ. ArandaPH,1,0,0,0,0,0,1,.309,.394,.504
401695610,,,,,,,,,,,,B. RortvedtC,1,0,0,0,0,0,0,.094,.186,.113
401695610,,,,,,,,,,,,team,34,3,7,3,1,1,9,,,
401695612,J. Holliday2B,5,0,1,0,0,0,2,.273,.333,.441,B. Turang2B,4,2,2,2,0,1,2,.293,.372,.371
401695612,R. Mountcastle1B,4,0,0,0,0,0,2,.226,.261,.329,W. ContrerasC,4,0,4,2,0,1,0,.258,.370,.371
401695612,G. HendersonSS,3,0,0,0,0,1,1,.253,.302,.462,J. ChourioCF,5,0,0,0,0,0,1,.236,.254,.419
401695612,R. LaureanoRF,4,1,3,1,1,0,0,.272,.327,.543,C. YelichDH,4,0,0,0,0,0,1,.194,.289,.341
401695612,R. O'HearnDH,3,1,0,0,0,1,2,.294,.386,.500,R. Hoskins1B,2,1,1,0,0,2,0,.291,.400,.454
401695612,R. Urias3B,4,1,1,0,0,0,1,.267,.333,.372,J. OrtizPR-SS,0,0,0,0,0,0,0,.170,.223,.218
401695612,C. MullinsCF,3,1,1,3,1,1,0,.229,.331,.471,I. CollinsLF,4,1,1,0,0,0,1,.236,.321,.333
401695612,D. CarlsonLF,3,0,0,0,0,1,0,.000,.095,.000,S. FrelickRF,4,0,2,0,0,0,0,.279,.351,.390
401695612,M. HandleyC,3,0,0,0,0,0,1,.059,.105,.059,A. MonasterioSS-1B,3,0,0,0,0,0,2,.000,.250,.000
401695612,aA. RutschmanPH,1,0,0,0,0,0,0,.208,.299,.338,aJ. BauersPH-1B,1,0,0,0,0,0,0,.273,.360,.470
401695612,team,33,4,6,4,2,4,9,,,,C. Durbin3B,3,1,1,1,0,1,0,.174,.273,.244
401695612,,,,,,,,,,,,team,34,5,11,5,0,5,7,,,
401695613,S. KwanLF,2,0,1,0,0,0,0,.313,.375,.429,R. JeffersC,2,1,1,0,0,0,1,.271,.347,.411
401695613,A. Martinez2B,2,1,1,0,0,0,1,.298,.327,.394,B. LeeSS,2,0,0,0,0,0,1,.246,.287,.386
401695613,J. Ramirez3B,2,0,0,0,0,0,0,.293,.355,.512,R. LewisDH,1,0,0,0,0,1,0,.200,.273,.300
401695613,K. ManzardoDH,1,0,1,1,0,0,0,.227,.313,.504,T. France1B,2,0,1,1,0,0,0,.256,.319,.357
401695613,C. Santana1B,1,0,0,0,0,0,1,.221,.328,.318,T. LarnachLF,1,0,0,0,0,0,0,.243,.323,.410
401695613,N. JonesCF,1,0,0,0,0,0,0,.179,.281,.292,J. Bride3B,1,0,1,0,0,0,0,.314,.359,.371
401695613,G. AriasSS,1,0,0,0,0,0,0,.253,.311,.390,C. McCuskerRF,1,0,0,0,0,0,1,.000,.000,.000
401695613,B. NaylorC,1,0,0,0,0,0,1,.189,.293,.396,H. BaderCF,1,1,0,0,0,0,0,.277,.363,.429
401695613,W. BrennanRF,1,0,0,0,0,0,0,.000,.091,.000,W. Castro2B,1,0,1,1,0,0,0,.242,.312,.384
401695613,team,12,1,3,1,0,0,3,,,,team,12,2,4,2,0,1,3,,,
401695615,J.P. CrawfordSS,3,1,1,0,0,2,1,.271,.383,.381,C. MeidrothSS,3,1,1,0,0,1,1,.286,.375,.357
401695615,J. PolancoDH,3,0,1,1,0,0,0,.314,.359,.619,M. ThaissC,3,0,1,0,0,1,1,.215,.376,.304
401695615,aM. GarverPH-DH,2,1,1,0,0,0,0,.222,.356,.278,M. Vargas3B,4,0,0,0,0,0,0,.239,.321,.411
401695615,J. RodriguezCF,4,1,1,4,1,0,0,.235,.313,.412,L. Robert Jr.CF,4,0,1,0,0,0,0,.186,.281,.308
401695615,C. RaleighC,4,0,0,0,0,0,1,.241,.362,.560,J. PalaciosRF,4,0,1,0,0,0,1,.198,.301,.272
401695615,R. ArozarenaLF,4,0,0,0,0,0,1,.236,.372,.414,A. VaughnDH,4,0,1,1,0,0,0,.185,.215,.315
401695615,R. Tellez1B,3,0,0,0,0,1,1,.196,.259,.471,A. SlaterLF,2,0,0,0,0,0,2,.227,.227,.455
401695615,L. TaverasRF,4,0,0,0,0,0,0,.139,.179,.194,aE. QueroPH,1,0,0,0,0,0,1,.277,.368,.313
401695615,D. Moore2B,4,0,1,0,0,0,1,.284,.342,.510,M. TaylorLF,1,0,0,0,0,0,1,.196,.253,.348
401695615,B. Williamson3B,4,2,3,0,0,0,0,.248,.275,.314,J. Rojas2B,3,0,0,0,0,0,1,.158,.238,.158
401695615,team,35,5,8,5,1,3,5,,,,T. Elko1B,3,0,0,0,0,0,0,.167,.200,.417
401695615,,,,,,,,,,,,team,32,1,5,1,0,2,8,,,
401695614,K. CarpenterRF,4,0,0,0,0,0,2,.284,.312,.500,L. NootbaarLF,4,2,2,1,0,0,1,.258,.364,.425
401695614,G. Torres2B,3,0,0,0,0,1,1,.284,.368,.440,M. WinnSS,4,1,2,0,0,0,0,.267,.358,.427
401695614,C. Keith1B,4,0,0,0,0,0,1,.222,.341,.359,B. Donovan2B,5,2,3,1,0,0,0,.337,.392,.475
401695614,R. GreeneCF,3,0,1,0,0,0,2,.276,.328,.508,Y. Pozo1B,0,0,0,0,0,0,0,.348,.362,.478
401695614,J. MalloyLF,1,1,0,0,0,0,0,.203,.350,.291,W. Contreras1B,4,1,1,1,0,0,1,.249,.330,.401
401695614,S. TorkelsonDH,3,1,1,0,0,1,1,.246,.352,.533,N. Gorman1B-2B,1,0,0,0,0,0,0,.171,.283,.276
401695614,Z. McKinstry3B,2,0,1,0,0,0,1,.284,.368,.419,I. HerreraDH,5,2,2,2,0,0,0,.426,.484,.815
401695614,aA. IbanezPH-3B,2,1,1,1,0,0,0,.254,.329,.388,N. Arenado3B,4,0,0,1,0,0,0,.241,.316,.371
401695614,T. SweeneySS,3,1,1,1,0,0,1,.252,.311,.364,J. Barrero3B,1,0,0,0,0,0,0,.176,.222,.412
401695614,D. DinglerC,4,0,2,1,0,0,1,.292,.319,.462,A. BurlesonRF,2,0,2,0,0,1,0,.285,.333,.423
401695614,A. BaddooLF-CF,4,0,1,1,0,0,2,.200,.273,.300,J. WalkerRF,1,1,1,2,0,0,0,.195,.260,.286
401695614,team,33,4,8,4,0,2,12,,,,P. PagesC,4,1,1,2,1,0,1,.233,.268,.379
401695614,,,,,,,,,,,,V. Scott IICF,3,1,2,0,0,1,0,.271,.344,.375
401695614,,,,,,,,,,,,team,38,11,16,10,1,2,3,,,
401695616,T. TurnerSS,5,1,3,2,0,0,0,.303,.358,.400,J. BeckLF,4,1,1,0,0,0,1,.264,.331,.568
401695616,B. Harper1B,4,0,2,2,0,0,0,.263,.376,.440,E. TovarSS,4,1,2,2,1,0,0,.275,.310,.450
401695616,K. SchwarberDH,4,1,1,1,1,1,2,.257,.389,.573,H. GoodmanDH,4,0,0,0,0,0,2,.292,.344,.494
401695616,N. CastellanosRF,5,2,2,0,0,0,1,.282,.325,.414,M. Toglia1B,4,1,1,0,0,0,3,.210,.278,.377
401695616,J.T. RealmutoC,5,0,0,0,0,0,2,.236,.317,.382,B. DoyleCF,4,0,1,1,0,0,0,.204,.253,.320
401695616,A. Bohm3B,5,1,2,2,1,0,1,.260,.302,.361,R. McMahon3B,4,0,0,0,0,0,2,.201,.326,.365
401695616,E. Sosa2B,5,2,4,2,1,0,0,.386,.419,.526,T. FreemanRF,2,0,0,0,0,0,0,.118,.304,.118
401695616,W. WilsonLF,2,0,0,0,0,1,1,.250,.333,.438,aM. MoniakPH-RF,2,0,1,0,0,0,0,.220,.270,.386
401695616,bM. KeplerPH-LF,2,0,1,0,0,0,0,.221,.304,.383,A. Amador2B,2,0,0,0,0,0,1,.145,.244,.246
401695616,J. RojasCF,2,0,0,0,0,0,0,.259,.319,.346,J. StallingsC,3,0,0,0,0,0,0,.141,.228,.183
401695616,aB. MarshPH-CF,3,2,2,0,0,0,0,.205,.298,.301,team,33,3,6,3,1,0,9,,,
401695616,team,42,9,17,9,3,2,7,,,,,,,,,,,,,,
401695619,J. IndiaDH,3,0,1,0,0,1,1,.240,.333,.317,H. RamosLF,4,0,1,0,0,0,0,.292,.358,.489
401695619,C. BiggioPR-DH,0,1,0,0,0,0,0,.177,.311,.242,W. FloresDH,4,0,1,0,0,0,1,.257,.322,.449
401695619,B. Witt Jr.SS,4,0,1,0,0,0,0,.302,.369,.508,J. LeeCF,4,0,1,1,0,0,1,.276,.317,.465
401695619,V. Pasquantino1B,4,1,2,2,1,0,0,.228,.272,.392,M. Chapman3B,4,0,0,0,0,0,1,.216,.337,.398
401695619,S. PerezC,4,0,0,0,0,0,2,.218,.254,.324,W. AdamesSS,3,0,0,0,0,1,1,.219,.302,.353
401695619,M. Garcia3B,4,1,2,0,0,0,2,.306,.374,.482,C. Schmitt1B,2,0,1,0,0,1,0,.200,.259,.320
401695619,M. CanhaLF,3,0,2,0,0,0,0,.296,.371,.333,aL. Wade Jr.PH,1,0,1,0,0,0,0,.172,.271,.287
401695619,D. BlancoPR-LF,0,0,0,0,0,0,0,.333,.333,.667,T. Fitzgerald2B,3,0,0,0,0,1,0,.286,.350,.429
401695619,M. Massey2B,4,0,0,0,0,0,1,.199,.218,.269,L. MatosRF,3,0,0,0,0,0,0,.154,.203,.323
401695619,H. RenfroeRF,3,0,0,0,0,1,1,.173,.234,.224,bM. YastrzemskiPH,1,0,0,0,0,0,1,.274,.376,.438
401695619,K. IsbelCF,4,0,2,1,0,0,0,.278,.286,.435,S. HuffC,3,1,1,0,0,0,2,.200,.245,.289
401695619,team,33,3,10,3,1,2,7,,,,team,32,1,6,1,0,3,7,,,
401764540,Z. NetoSS,4,1,1,0,0,0,1,.282,.333,.545,L. ButlerRF,4,1,1,0,0,1,0,.228,.294,.389
401764540,N. Schanuel1B,4,2,3,1,1,0,0,.277,.365,.406,J. WilsonSS,3,1,2,0,0,1,0,.343,.380,.481
401764540,Y. Moncada3B,3,0,0,1,0,0,1,.215,.346,.446,M. SchuemannPR,0,0,0,0,0,0,0,.263,.349,.447
401764540,T. WardLF,4,1,1,2,1,0,2,.198,.246,.458,T. SoderstromLF,4,1,1,0,0,0,2,.272,.332,.489
401764540,J. SolerDH,4,0,0,0,0,0,2,.213,.289,.375,B. RookerDH,2,0,1,1,0,2,0,.241,.310,.445
401764540,L. O'HoppeC,4,0,2,0,0,0,1,.259,.293,.482,S. LangeliersC,4,0,1,1,0,0,1,.250,.316,.442
401764540,M. LugoCF,4,0,0,0,0,0,4,.310,.333,.759,N. Kurtz1B,4,0,0,0,0,0,1,.208,.259,.299
401764540,L. Rengifo2B,4,0,1,0,0,0,2,.219,.258,.288,L. Urias2B,3,0,0,0,0,0,0,.265,.342,.461
401764540,J. AdellRF,3,0,0,0,0,0,0,.193,.244,.361,J. BledayCF,3,0,1,0,0,1,1,.208,.298,.377
401764540,team,34,4,8,4,2,0,13,,,,G. Urshela3B,3,0,0,0,0,0,1,.219,.265,.333
401764540,,,,,,,,,,,,aS. BrownPH,1,0,0,0,0,0,0,.191,.309,.298
401764540,,,,,,,,,,,,team,31,3,7,2,0,5,6,,,
401695618,K. Marte2B,5,1,1,0,0,0,1,.268,.381,.537,S. OhtaniDH,4,1,1,1,1,0,0,.312,.406,.672
401695618,C. CarrollRF,4,1,1,0,0,1,2,.279,.353,.592,M. BettsSS,4,2,2,2,2,0,0,.263,.350,.444
401695618,L. Gurriel Jr.LF,4,2,1,2,1,1,0,.227,.271,.442,F. Freeman1B,4,1,1,0,0,0,0,.368,.426,.662
401695618,E. Suarez3B,5,0,1,1,0,0,2,.215,.307,.512,W. SmithC,3,0,1,0,0,1,0,.339,.450,.504
401695618,J. Naylor1B,5,1,1,1,0,0,0,.299,.367,.452,T. HernándezRF,4,1,0,1,0,0,1,.306,.324,.582
401695618,G. MorenoC,4,1,1,2,1,0,0,.264,.331,.364,M. Muncy3B,3,0,0,0,0,0,0,.205,.326,.336
401695618,T. TawaCF,4,1,2,0,0,0,0,.241,.323,.458,M. ConfortoLF,3,0,0,0,0,1,0,.168,.304,.273
401695618,A. ThomasCF,0,0,0,0,0,0,0,.276,.323,.390,T. Edman2B,4,0,1,1,0,0,0,.244,.285,.496
401695618,P. SmithDH,4,1,2,0,0,0,0,.306,.425,.504,H. KimCF,4,0,0,0,0,0,1,.400,.432,.514
401695618,G. PerdomoSS,2,1,1,3,1,1,0,.302,.403,.488,team,33,5,6,5,3,2,2,,,
401695618,team,37,9,11,9,3,3,5,,,,,,,,,,,,,,
401570879,I. Kiner-Falefa3B,5,0,0,0,0,0,3,.269,.306,.376,J. DominguezLF,4,0,1,0,0,1,1,.189,.317,.321
401570879,B. ReynoldsDH,4,0,1,0,0,0,0,.276,.344,.449,J. SotoRF,3,0,1,1,0,2,1,.288,.419,.569
401570879,O. CruzCF,4,0,0,0,0,0,3,.260,.323,.452,A. JudgeCF,5,0,0,0,0,0,5,.322,.458,.701
401570879,N. GonzalesSS,4,1,1,1,1,0,0,.273,.312,.403,A. WellsC,3,1,0,0,0,2,0,.229,.321,.397
401570879,J. PalaciosRF,2,2,0,0,0,2,0,.219,.324,.328,G. StantonDH,4,0,0,0,0,0,1,.233,.298,.476
401570879,J. Triolo1B,4,1,1,2,1,0,2,.217,.299,.317,J. Chisholm Jr.3B,4,1,2,2,1,0,2,.256,.324,.436
401570879,Y. GrandalC,4,3,3,2,1,0,1,.228,.304,.400,A. Rizzo1B,2,0,1,0,0,0,0,.228,.301,.335
401570879,N. Yorke2B,4,1,1,2,1,0,2,.229,.263,.400,A. VolpeSS,1,0,0,0,0,0,0,.244,.292,.365
401570879,B. CookLF,4,1,1,2,1,0,1,.222,.222,.444,O. CabreraSS-1B,4,1,1,0,0,0,1,.247,.296,.365
401570879,team,35,9,8,9,5,2,12,,,,J. Berti2B,3,1,1,0,0,1,0,.286,.348,.333
401570879,,,,,,,,,,,,team,33,4,7,3,1,6,11,,,
401570870,M. Vargas3B,4,0,0,0,0,0,1,.106,.211,.174,P. MeadowsCF,3,0,0,0,0,0,2,.241,.305,.432
401570870,Z. DeLoachRF,3,1,0,0,0,1,0,.206,.286,.333,aJ. MalloyPH-LF,1,0,0,0,0,0,1,.203,.291,.366
401570870,A. BenintendiLF,4,2,2,2,1,0,1,.229,.289,.396,K. CarpenterRF,2,0,0,0,0,1,1,.286,.347,.583
401570870,A. Vaughn1B,4,0,1,1,0,0,0,.246,.298,.404,A. IbanezSS,1,0,0,0,0,0,0,.242,.296,.359
401570870,L. Sosa2B,4,0,1,0,0,0,0,.248,.276,.346,W. PerezLF-CF,3,0,1,0,0,1,1,.239,.298,.382
401570870,B. RamosDH,3,1,1,1,1,0,1,.189,.235,.326,R. GreeneDH,4,0,0,0,0,0,1,.263,.349,.481
401570870,D. FletcherCF,4,0,0,0,0,0,0,.205,.253,.256,C. Keith2B,4,0,1,0,0,0,1,.261,.310,.381
401570870,C. RobinsonC,3,0,0,0,0,1,1,.129,.197,.129,S. Torkelson1B,3,0,0,0,0,0,2,.218,.290,.374
401570870,J. AmayaSS,4,0,0,0,0,0,2,.177,.227,.194,J. Jung3B,2,0,0,0,0,1,0,.241,.355,.304
401570870,team,33,4,5,4,2,2,6,,,,Z. McKinstrySS-RF,3,0,0,0,0,0,0,.216,.278,.338
401570870,,,,,,,,,,,,D. DinglerC,3,0,1,0,0,0,2,.167,.195,.310
401570870,,,,,,,,,,,,team,29,0,3,0,0,3,11,,,
401570871,J. India2B,3,0,0,0,0,1,0,.247,.356,.392,I. HappLF,5,0,1,0,0,0,0,.244,.342,.444
401570871,E. De La CruzSS,4,0,0,0,0,0,1,.259,.340,.470,D. SwansonSS,3,1,1,0,0,1,0,.242,.312,.390
401570871,T. StephensonC,4,0,1,0,0,0,1,.258,.337,.445,C. BellingerRF-1B,3,0,1,0,0,1,0,.266,.325,.426
401570871,S. SteerLF,3,0,0,0,0,1,1,.227,.321,.406,S. SuzukiDH,2,1,2,0,0,2,0,.283,.366,.484
401570871,T. FriedlCF,3,0,1,0,0,0,0,.226,.311,.384,M. Busch1B,3,0,0,0,0,0,1,.248,.331,.440
401570871,T. France1B,3,0,0,0,0,0,0,.257,.298,.400,aI. ParedesPH-3B,1,1,1,1,0,0,0,.227,.327,.313
401570871,J. FraleyRF,3,0,0,0,0,0,0,.272,.325,.382,N. Hoerner2B,4,0,0,0,0,0,0,.274,.336,.374
401570871,S. Espinal3B,3,0,0,0,0,0,0,.246,.295,.356,P. Crow-ArmstrongCF,4,0,1,1,0,0,0,.238,.288,.388
401570871,N. MarteDH,3,0,1,0,0,0,0,.213,.252,.307,P. Wisdom3B,3,0,0,0,0,0,0,.171,.237,.392
401570871,team,29,0,3,0,0,2,3,,,,bM. TauchmanPH-RF,0,0,0,1,0,1,0,.249,.358,.367
401570871,,,,,,,,,,,,M. AmayaC,4,0,1,0,0,0,0,.232,.288,.357
401570871,,,,,,,,,,,,team,32,3,8,3,0,5,1,,,
401570875,X. EdwardsSS,4,1,1,0,0,1,1,.326,.396,.421,G. SpringerRF,3,0,1,0,0,1,0,.220,.303,.371
401570875,C. Norby3B,5,0,0,0,0,0,2,.254,.323,.458,N. LukesLF,4,1,1,1,1,0,1,.303,.371,.447
401570875,J. Burger1B,5,1,1,0,0,0,0,.250,.301,.461,V. Guerrero Jr.DH,4,0,0,0,0,0,1,.324,.395,.546
401570875,J. SánchezRF,3,3,2,0,0,1,0,.254,.316,.421,S. Horwitz1B,4,0,1,0,0,0,0,.268,.358,.437
401570875,J. BrideDH,4,0,1,1,0,0,1,.271,.351,.459,A. KirkC,3,0,0,0,0,1,0,.253,.319,.359
401570875,G. ConineLF,4,2,3,1,0,0,0,.282,.341,.474,E. ClementSS,3,0,1,0,0,0,0,.265,.287,.412
401570875,D. MyersCF,4,1,2,5,1,0,2,.264,.337,.451,A. Barger3B,3,0,0,0,0,0,0,.198,.251,.353
401570875,J. Sanoja2B,4,0,0,0,0,0,1,.229,.250,.286,D. Schneider2B,3,0,0,0,0,0,1,.193,.282,.345
401570875,J. PeredaC,4,0,1,1,0,0,1,.231,.250,.231,J. LoperfidoCF,3,0,0,0,0,0,2,.203,.243,.353
401570875,team,37,8,11,8,1,2,8,,,,team,30,1,4,1,1,2,5,,,
401570878,K. SchwarberDH,3,0,0,0,0,1,1,.248,.365,.487,L. Garcia Jr.2B,4,1,1,0,0,0,2,.281,.317,.438
401570878,T. TurnerSS,4,1,1,2,1,0,2,.293,.336,.469,J. WoodLF,4,2,2,2,1,0,2,.269,.360,.434
401570878,B. Harper1B,4,0,1,0,0,0,3,.285,.373,.525,K. RuizC,4,1,2,1,0,0,1,.229,.260,.359
401570878,N. CastellanosRF,4,1,1,0,0,0,2,.254,.310,.431,J. Tena3B,4,0,0,0,0,0,3,.281,.313,.373
401570878,A. Bohm3B,4,0,0,1,0,0,0,.280,.332,.449,J. YepezDH,4,0,0,0,0,0,4,.285,.337,.434
401570878,J.T. RealmutoC,3,0,1,0,0,1,2,.266,.322,.429,D. CrewsRF,3,1,2,0,0,1,0,.198,.266,.319
401570878,B. Stott2B,4,0,0,0,0,0,1,.245,.316,.357,J. Gallo1B,3,1,1,3,1,1,0,.164,.280,.341
401570878,W. WilsonLF-CF,3,0,1,0,0,0,1,.282,.347,.482,J. YoungCF,3,0,0,0,0,1,1,.256,.315,.331
401570878,B. MarshCF,2,0,0,0,0,0,0,.251,.331,.423,N. NunezSS,3,0,1,0,0,0,1,.241,.371,.259
401570878,aE. SosaPH,0,1,0,0,0,0,0,.257,.313,.424,team,32,6,9,6,2,3,14,,,
401570878,K. ClemensLF,0,0,0,0,0,0,0,.214,.241,.446,,,,,,,,,,,
401570878,team,31,3,5,3,1,2,12,,,,,,,,,,,,,,
401570881,M. WinnSS,5,2,1,0,0,1,0,.267,.314,.416,M. CanhaLF,1,1,1,0,0,0,0,.288,.376,.329
401570881,A. BurlesonDH,4,1,2,0,0,1,0,.267,.312,.420,aM. YastrzemskiPH-RF,3,0,0,0,0,0,0,.232,.304,.439
401570881,P. Goldschmidt1B,4,1,3,2,0,0,0,.246,.302,.415,H. RamosRF-LF,4,1,1,0,0,0,0,.269,.322,.469
401570881,B. Donovan2B,5,1,3,2,0,0,0,.276,.338,.411,L. Wade Jr.1B,4,0,1,1,0,0,1,.261,.382,.383
401570881,L. NootbaarLF,3,0,0,0,0,2,1,.247,.345,.422,M. Chapman3B,4,2,2,0,0,0,1,.247,.328,.463
401570881,J. WalkerRF,5,0,1,1,0,0,2,.200,.253,.369,J. EncarnacionDH,4,0,1,0,0,0,0,.257,.287,.440
401570881,T. Saggese3B,5,0,1,0,0,0,1,.217,.250,.326,P. BaileyC,3,1,1,2,0,0,1,.234,.298,.339
401570881,P. PagesC,4,0,2,0,0,1,1,.241,.282,.382,T. FitzgeraldSS,3,1,1,0,0,1,1,.284,.338,.503
401570881,M. SianiCF,3,0,0,0,0,1,3,.230,.284,.287,C. Schmitt2B,2,0,1,1,0,0,0,.240,.273,.462
401570881,aM. CarpenterPH,1,0,0,0,0,0,1,.228,.310,.368,bB. WiselyPH-2B,1,0,1,0,0,1,0,.237,.277,.345
401570881,team,39,5,13,5,0,6,9,,,,G. McCrayCF,4,0,1,0,0,0,3,.198,.236,.380
401570881,,,,,,,,,,,,team,33,6,11,4,0,2,7,,,
401570882,Y. DiazDH,3,2,1,0,0,2,1,.281,.341,.414,J. DuranCF,3,1,0,0,0,0,0,.285,.342,.493
401570882,B. Lowe2B,5,2,3,0,0,0,1,.244,.311,.473,T. StorySS,3,0,2,0,0,1,1,.255,.340,.394
401570882,J. Caminero3B,5,2,3,3,1,0,0,.255,.306,.435,T. Casas1B,4,1,1,1,1,0,1,.240,.339,.466
401570882,J. Aranda1B,4,1,1,1,0,1,1,.240,.309,.440,T. O'NeillLF,3,0,1,0,0,0,2,.241,.336,.511
401570882,C. MorelLF,5,0,1,1,0,0,0,.183,.253,.284,M. GasperDH,4,0,0,0,0,0,2,.000,.200,.000
401570882,J. LoweRF,4,0,1,2,0,1,3,.241,.303,.393,R. Gonzalez3B,4,0,0,0,0,0,1,.266,.306,.417
401570882,J. SiriCF,4,0,0,0,0,0,2,.187,.255,.366,W. AbreuRF,4,0,1,0,0,0,0,.255,.323,.462
401570882,B. RortvedtC,3,0,0,0,0,0,1,.228,.317,.303,D. JansenC,3,0,0,0,0,0,0,.188,.323,.300
401570882,T. WallsSS,4,0,0,0,0,0,1,.183,.282,.248,V. Grissom2B,3,0,0,0,0,0,2,.186,.236,.206
401570882,team,37,7,10,7,1,4,10,,,,team,31,2,5,1,1,1,9,,,
401570872,J. PenaSS,5,0,0,0,0,0,2,.266,.308,.394,W. BrennanLF,4,2,3,0,0,0,0,.264,.309,.388
401570872,K. TuckerRF,5,1,2,0,0,0,0,.289,.408,.585,K. Manzardo1B,4,0,0,0,0,0,2,.234,.282,.421
401570872,V. CaratiniC,4,1,1,0,0,1,2,.269,.336,.408,J. Ramirez3B,3,1,2,3,1,0,0,.279,.335,.537
401570872,J. Singleton1B,3,0,0,1,0,2,1,.234,.321,.386,J. NaylorDH,4,0,2,0,0,0,0,.243,.320,.456
401570872,Z. DezenzoDH,5,0,2,1,0,0,1,.242,.277,.371,L. ThomasCF,4,0,0,0,0,0,0,.209,.267,.390
401570872,J. HeywardLF,4,0,1,0,0,1,1,.218,.283,.473,A. Gimenez2B,4,0,1,0,0,0,1,.252,.298,.340
401570872,M. Dubon2B,4,0,2,0,0,0,0,.269,.296,.361,B. NaylorC,4,0,0,0,0,0,2,.201,.264,.350
401570872,J. MeyersCF,4,1,1,0,0,0,0,.219,.286,.360,J. NoelRF,4,0,1,0,0,0,1,.218,.288,.486
401570872,G. Kessinger3B,2,1,0,0,0,1,1,.000,.160,.000,B. RocchioSS,4,0,0,0,0,0,3,.206,.298,.316
401570872,team,36,4,9,2,0,5,8,,,,team,35,3,9,3,1,0,9,,,
401570869,J. HollidaySS,4,1,3,0,0,2,0,.185,.248,.307,E. Julien2B,3,0,0,0,0,1,1,.202,.296,.328
401570869,A. RutschmanC,6,1,2,2,0,0,0,.252,.320,.393,A. MartinCF,4,0,0,0,0,0,1,.249,.315,.345
401570869,A. SantanderRF,5,0,0,0,0,0,1,.235,.308,.506,B. LeeSS,4,0,2,0,0,0,0,.220,.265,.321
401570869,R. O'Hearn1B,5,1,2,2,1,0,2,.261,.330,.424,R. LewisDH,3,0,0,0,0,0,1,.236,.299,.458
401570869,R. MountcastleDH,4,0,1,1,0,0,2,.271,.308,.426,D. Keirsey Jr.LF,1,0,0,0,0,0,0,.091,.167,.091
401570869,H. KjerstadLF,5,0,1,0,0,0,3,.245,.345,.357,C. Santana1B,3,1,2,0,0,1,0,.237,.325,.414
401570869,R. Urias2B,5,2,2,0,0,0,0,.256,.324,.426,W. CastroLF,3,0,1,0,0,0,0,.247,.331,.385
401570869,E. Rivera3B,4,3,4,4,2,1,0,.323,.380,.597,M. Helman3B,1,0,0,0,0,0,0,.333,.333,.556
401570869,A. SlaterCF,4,1,1,0,0,1,2,.250,.346,.338,R. JeffersC,4,1,2,2,1,0,0,.226,.300,.432
401570869,team,42,9,16,9,3,4,10,,,,K. Farmer3B-P,4,0,0,0,0,0,2,.218,.298,.360
401570869,,,,,,,,,,,,M. MargotRF,3,0,0,0,0,0,1,.235,.287,.334
401570869,,,,,,,,,,,,team,33,2,7,2,1,2,6,,,
401570876,F. LindorDH,4,0,0,0,0,0,2,.271,.342,.491,J. ChourioRF-LF,5,0,2,0,0,0,2,.275,.327,.466
401570876,J. Iglesias2B,3,0,1,0,0,1,1,.340,.386,.457,G. MitchellCF-RF,3,1,1,0,0,0,2,.256,.344,.472
401570876,M. Vientos3B,4,0,0,0,0,0,3,.267,.324,.521,W. ContrerasC,3,1,0,0,0,1,2,.281,.365,.466
401570876,B. NimmoLF,4,0,0,0,0,0,1,.224,.329,.398,W. AdamesSS,4,2,2,1,0,0,1,.252,.331,.464
401570876,P. Alonso1B,3,0,0,0,0,0,1,.241,.330,.464,R. Hoskins1B,3,1,0,0,0,1,2,.214,.303,.419
401570876,S. MarteRF,3,0,1,0,0,0,0,.267,.323,.389,G. SanchezDH,2,0,0,0,0,0,2,.218,.303,.391
401570876,L. TorrensC,2,0,0,0,0,0,0,.235,.299,.383,aJ. BauersPH-DH,2,1,1,0,0,0,1,.201,.301,.365
401570876,aT. TaylorPH-CF,1,0,0,0,0,0,0,.247,.300,.403,I. CollinsLF,3,0,1,0,0,1,2,.154,.267,.154
401570876,H. BaderCF,2,0,0,0,0,0,1,.240,.288,.379,B. PerkinsCF,0,0,0,0,0,0,0,.241,.316,.333
401570876,bF. AlvarezPH-C,1,0,0,0,0,0,1,.233,.305,.399,J. Ortiz3B,3,0,1,3,0,1,2,.240,.331,.400
401570876,L. AcunaSS,3,0,0,0,0,0,1,.343,.361,.714,A. Monasterio2B,4,0,1,2,0,0,2,.210,.305,.274
401570876,team,30,0,2,0,0,1,11,,,,team,32,6,9,6,0,4,18,,,
401570873,A. Frazier2B-1B,4,0,0,0,0,0,2,.202,.282,.294,M. Harris IICF,3,0,0,0,0,1,1,.262,.303,.422
401570873,M. GarciaSS,3,0,0,0,0,1,1,.232,.281,.333,O. Albies2B,3,0,0,0,0,1,0,.251,.302,.398
401570873,S. PerezDH,4,0,1,0,0,0,1,.271,.330,.456,M. OzunaDH,3,0,0,0,0,1,2,.306,.383,.556
401570873,M. MelendezLF,4,0,0,0,0,0,3,.208,.274,.403,M. Olson1B,4,0,2,0,0,0,1,.247,.333,.461
401570873,P. DeJong3B,3,0,0,0,0,0,2,.227,.276,.427,J. SolerRF,3,1,1,0,0,1,1,.241,.338,.441
401570873,R. GrossmanRF,3,0,0,0,0,0,2,.212,.322,.293,R. LaureanoLF,4,0,0,0,0,0,3,.255,.307,.431
401570873,F. FerminC,3,1,1,0,0,0,1,.271,.319,.366,T. d'ArnaudC,4,1,1,1,1,0,2,.236,.301,.439
401570873,G. Hampson1B-CF,2,0,1,0,0,1,1,.230,.275,.300,G. Urshela3B,3,0,0,0,0,0,1,.247,.283,.354
401570873,D. BlancoCF,2,0,0,0,0,0,0,.258,.308,.392,O. ArciaSS,3,0,1,0,0,0,1,.219,.270,.357
401570873,aM. MasseyPH-2B,0,0,0,0,0,1,0,.259,.294,.442,team,30,2,5,1,1,4,12,,,
401570873,team,28,1,3,0,0,3,13,,,,,,,,,,,,,,
401570874,S. OhtaniDH,5,1,2,0,0,1,0,.310,.391,.649,C. BlackmonDH,4,1,1,0,0,0,2,.255,.328,.412
401570874,M. BettsRF,3,1,1,0,0,0,0,.290,.374,.493,E. TovarSS,4,1,3,1,1,0,0,.270,.296,.472
401570874,C. TaylorCF,3,1,3,1,0,0,0,.199,.293,.284,R. McMahon3B,2,0,0,1,0,0,1,.243,.327,.400
401570874,G. Lux2B,5,3,3,1,0,1,1,.251,.320,.383,aJ. BeckPH,1,0,0,0,0,0,0,.190,.247,.280
401570874,T. HernándezLF,5,1,1,3,1,0,2,.270,.338,.501,M. Toglia1B,2,0,0,0,0,2,1,.218,.311,.458
401570874,M. Muncy3B,4,0,2,2,0,2,1,.236,.363,.502,N. JonesLF,4,0,2,0,0,0,1,.225,.318,.320
401570874,W. SmithC,5,2,2,1,0,1,1,.248,.327,.433,S. HilliardCF,2,0,0,0,0,0,1,.237,.300,.489
401570874,T. EdmanSS,3,1,0,0,0,2,1,.244,.302,.430,J. CaveRF,3,0,0,0,0,0,1,.251,.290,.395
401570874,E. Hernández1B,5,2,3,3,1,1,0,.232,.284,.377,A. Schunk2B,3,0,0,0,0,0,2,.244,.277,.344
401570874,K. KiermaierCF,2,0,1,1,0,0,0,.197,.237,.313,H. GoodmanC,2,0,0,0,0,0,0,.190,.228,.417
401570874,A. PagesCF-RF,2,1,0,0,0,1,2,.250,.308,.410,D. RomoC,1,0,0,0,0,0,1,.167,.200,.229
401570874,team,42,13,18,12,2,9,8,,,,team,28,2,6,2,1,2,10,,,
401570880,J. ProfarDH,4,1,1,0,0,1,1,.280,.380,.459,C. CarrollRF,4,0,1,0,0,0,0,.232,.322,.431
401570880,D. Solano1B,5,1,4,2,1,0,0,.287,.344,.418,K. Marte2B,3,0,0,0,0,0,0,.291,.372,.555
401570880,M. Machado3B,5,0,0,0,0,0,1,.275,.325,.472,J. PedersonDH,2,0,0,0,0,0,1,.275,.393,.515
401570880,X. BogaertsSS,4,0,2,0,0,0,0,.264,.307,.381,aR. GrichukPH-DH,1,0,0,0,0,0,0,.289,.347,.518
401570880,N. Ahmed2B,4,0,0,0,0,0,1,.000,.000,.000,C. Walker1B,3,0,1,0,0,0,1,.250,.333,.466
401570880,D. PeraltaLF,3,1,1,0,0,1,2,.272,.340,.422,L. Gurriel Jr.LF,4,0,0,0,0,0,1,.276,.319,.429
401570880,K. HigashiokaC,4,1,1,2,1,0,1,.220,.263,.476,J. McCarthyCF,3,0,0,0,0,0,0,.281,.346,.396
401570880,B. LockridgeCF,4,1,1,1,1,0,1,.222,.222,.556,bJ. BellPH,1,0,0,0,0,0,1,.279,.361,.436
401570880,T. WadeRF,4,0,0,0,0,0,0,.222,.291,.244,E. Suarez3B,4,0,0,0,0,0,2,.253,.317,.463
401570880,team,37,5,10,5,3,2,7,,,,G. MorenoC,2,0,0,0,0,1,1,.265,.352,.377
401570880,,,,,,,,,,,,G. PerdomoSS,2,0,0,0,0,1,0,.272,.344,.374
401570880,,,,,,,,,,,,team,29,0,2,0,0,2,7,,,
401570883,M. Semien2B,3,1,1,0,0,2,0,.237,.307,.392,T. WardLF,5,0,1,1,0,0,1,.248,.325,.429
401570883,J. SmithSS,5,0,0,0,0,0,2,.259,.338,.394,J. LopezSS,5,0,2,1,0,0,1,.254,.288,.349
401570883,W. LangfordLF,4,2,1,1,1,1,1,.253,.326,.417,E. Wagaman3B,5,0,1,1,0,0,1,.250,.271,.412
401570883,A. GarcíaRF,3,1,1,0,0,0,1,.224,.284,.400,K. PillarCF,5,0,0,0,0,0,1,.238,.291,.383
401570883,T. JankowskiRF,0,0,0,0,0,0,0,.202,.261,.245,B. DruryDH,5,1,1,0,0,0,1,.171,.244,.231
401570883,aM. DuffyPH-3B,1,2,1,0,0,0,0,.286,.500,.286,L. O'HoppeC,5,2,4,0,0,0,1,.244,.303,.409
401570883,N. Lowe1B,4,3,3,3,1,1,0,.263,.359,.392,G. CamperoRF,4,1,1,3,1,0,1,.262,.295,.381
401570883,L. TaverasCF,2,0,0,0,0,2,1,.227,.288,.352,N. Kavadas1B,3,3,2,1,1,1,1,.191,.294,.348
401570883,cJ. OrnelasPH-CF,1,0,1,2,0,0,0,.216,.256,.270,M. Stefanic2B,3,1,1,1,0,1,0,.213,.292,.250
401570883,C. KellyC,5,0,0,0,0,0,1,.235,.291,.343,team,40,8,13,8,2,2,8,,,
401570883,D. HarrisDH,2,0,0,0,0,1,1,.000,.333,.000,,,,,,,,,,,
401570883,bJ. HeimPH-DH,2,0,1,1,0,0,0,.220,.267,.337,,,,,,,,,,,
401570883,E. Duran3B-RF,4,0,0,0,0,1,3,.246,.288,.322,,,,,,,,,,,
401570883,team,36,9,9,7,2,8,10,,,,,,,,,,,,,,
401570877,L. ButlerRF,5,0,0,0,0,0,3,.262,.317,.490,V. RoblesLF,5,0,2,0,0,0,0,.329,.395,.467
401570877,B. RookerDH,4,1,1,2,1,1,1,.295,.367,.566,J. RodriguezCF,5,2,2,0,0,0,0,.273,.325,.410
401570877,J. BledayCF,4,1,2,0,0,1,1,.245,.327,.440,C. RaleighC,5,1,1,1,1,0,2,.218,.311,.430
401570877,S. LangeliersC,4,1,1,3,1,1,1,.224,.288,.450,L. Raley1B,3,2,2,3,1,1,0,.244,.321,.466
401570877,T. Soderstrom1B,5,1,1,1,1,0,1,.232,.316,.432,J. PolancoDH,4,0,1,0,0,1,1,.214,.296,.357
401570877,D. CameronPR-LF,0,0,0,0,0,0,0,.202,.261,.333,M. HanigerRF,4,0,0,0,0,1,2,.208,.287,.335
401570877,S. BrownLF-1B,5,0,0,0,0,0,2,.228,.280,.375,L. RivasPR,0,1,0,0,0,0,0,.236,.337,.278
401570877,J. WilsonSS,4,0,2,0,0,0,0,.250,.314,.315,J.P. CrawfordSS,5,1,0,0,0,0,2,.198,.301,.319
401570877,Z. GelofPR-2B,1,0,0,0,0,0,1,.211,.270,.363,D. Moore2B,2,0,0,0,0,3,0,.202,.321,.368
401570877,T. Nevin3B,4,0,1,0,0,0,1,.202,.287,.326,J. Rojas3B,4,0,1,2,0,0,1,.227,.307,.340
401570877,N. AllenSS,1,0,0,0,0,0,0,.170,.212,.245,aJ. TurnerPH,1,0,0,1,0,0,0,.261,.358,.395
401570877,M. Schuemann2B-SS-3B,2,2,2,0,0,1,0,.221,.312,.310,team,38,7,9,7,2,6,8,,,
401570877,team,39,6,10,6,3,4,11,,,,,,,,,,,,,,
401695608,P. Crow-ArmstrongCF,5,0,0,0,0,0,3,.282,.317,.569,J. SánchezRF,5,2,3,4,1,0,2,.240,.330,.340
401695608,K. TuckerRF,4,0,0,0,0,1,1,.258,.371,.511,A. RamirezC,4,1,1,1,1,0,2,.267,.337,.593
401695608,S. SuzukiLF,4,0,1,0,0,1,1,.243,.299,.508,O. Lopez2B,4,0,1,1,0,0,1,.231,.291,.350
401695608,M. Busch1B,4,2,1,0,0,1,1,.255,.356,.464,K. StowersLF,4,0,1,0,0,0,1,.303,.379,.561
401695608,D. SwansonSS,5,1,2,0,0,0,0,.257,.317,.470,E. Wagaman1B,4,0,0,0,0,0,2,.242,.295,.379
401695608,N. Hoerner2B,5,2,2,0,0,0,0,.293,.335,.368,C. Norby3B,4,1,1,0,0,0,2,.263,.298,.414
401695608,M. BallesterosDH,4,0,2,1,0,0,1,.188,.278,.188,L. HicksDH,4,1,1,1,0,0,1,.280,.348,.500
401695608,M. AmayaC,3,2,2,5,1,1,1,.287,.323,.529,D. HillCF,4,1,2,0,0,0,1,.197,.258,.344
401695608,M. Shaw3B,4,0,2,1,0,0,1,.194,.306,.274,J. SanojaSS,3,2,1,1,0,1,0,.240,.280,.310
401695608,team,38,7,12,7,1,4,9,,,,team,36,8,11,8,2,1,12,,,
401695609,T. FriedlCF,5,2,3,1,0,0,0,.275,.364,.386,K. Hayes3B,4,0,0,0,0,0,2,.244,.294,.304
401695609,S. Espinal3B,4,0,0,0,0,1,1,.271,.326,.316,A. McCutchenDH,4,0,0,0,0,0,2,.241,.340,.358
401695609,E. De La CruzSS,4,2,2,2,0,1,1,.251,.324,.419,B. ReynoldsRF,3,1,1,0,0,1,0,.205,.273,.330
401695609,A. HaysLF,5,1,3,2,0,0,1,.330,.375,.602,J. BartC,4,0,1,1,0,0,0,.270,.383,.349
401695609,G. LuxDH,5,0,2,1,0,0,3,.294,.379,.412,A. CanarioCF,4,0,1,0,0,0,1,.230,.296,.392
401695609,S. Steer1B,4,0,1,0,0,0,0,.209,.273,.335,N. Solak1B-2B,4,0,0,0,0,0,0,.100,.100,.100
401695609,W. BensonRF,4,1,1,0,0,0,1,.353,.405,.882,T. PhamLF,3,0,1,0,0,0,1,.183,.264,.217
401695609,T. StephensonC,3,1,0,0,0,1,1,.184,.286,.306,I. Kiner-FalefaSS,2,0,1,0,0,0,0,.282,.336,.347
401695609,M. McLain2B,3,0,0,1,0,0,2,.179,.294,.324,J. Triolo2B,2,0,0,0,0,0,2,.145,.217,.265
401695609,team,37,7,12,7,0,3,10,,,,aS. HorwitzPH-1B,1,0,0,0,0,0,0,.143,.143,.143
401695609,,,,,,,,,,,,team,31,1,5,1,0,1,8,,,
401695611,F. LindorSS,3,0,0,0,0,1,1,.279,.347,.463,J. DuranLF,4,1,2,1,0,0,0,.268,.316,.421
401695611,J. SotoRF,4,0,1,0,0,0,0,.246,.376,.439,R. DeversDH,2,1,0,0,0,2,0,.286,.405,.511
401695611,P. Alonso1B,3,0,1,0,0,1,1,.301,.408,.557,A. Bregman3B,3,0,1,1,0,1,0,.303,.386,.569
401695611,B. NimmoLF,4,0,0,0,0,0,1,.220,.283,.410,W. AbreuRF,4,0,1,0,0,0,0,.264,.354,.522
401695611,M. VientosDH,4,0,0,0,0,0,1,.235,.296,.377,T. StorySS,4,0,1,1,0,0,1,.231,.275,.341
401695611,B. Baty3B,3,0,0,0,0,0,1,.217,.244,.458,N. Sogard1B,4,0,0,0,0,0,1,.240,.269,.280
401695611,aS. MartePH,1,0,1,0,0,0,0,.211,.315,.329,D. Hamilton2B,4,0,1,0,0,0,1,.226,.262,.355
401695611,F. AlvarezC,4,1,2,0,0,0,1,.267,.353,.350,C. NarvaezC,3,1,2,0,0,1,0,.278,.346,.443
401695611,J. McNeil2B,2,0,1,0,0,1,0,.255,.381,.471,C. RafaelaCF,4,0,0,0,0,0,2,.240,.290,.360
401695611,T. TaylorCF,3,0,2,1,0,0,1,.244,.295,.366,team,32,3,8,3,0,4,5,,,
401695611,team,31,1,8,1,0,3,7,,,,,,,,,,,,,,
401695610,J. PenaSS,4,0,3,0,0,0,0,.309,.362,.455,Y. DiazDH,4,1,2,0,0,0,0,.249,.297,.401
401695610,I. Paredes3B,4,0,2,0,0,0,0,.265,.375,.435,J. CaballeroRF-LF,4,0,1,1,0,0,2,.260,.333,.385
401695610,J. Altuve2B,4,0,0,0,0,0,1,.236,.290,.337,C. MorelLF,3,0,0,0,0,0,0,.204,.286,.336
401695610,C. Walker1B,4,0,0,0,0,0,0,.202,.276,.347,bJ. LowePH-RF,1,0,0,0,0,0,0,.300,.333,.500
401695610,Y. DiazDH,4,0,0,0,0,0,1,.224,.247,.366,J. Caminero3B,4,0,1,0,0,0,2,.235,.265,.412
401695610,V. CaratiniC,4,1,1,1,1,0,1,.256,.348,.423,B. Lowe2B,4,1,1,0,0,0,0,.218,.274,.358
401695610,J. MeyersCF,3,2,2,1,1,1,0,.301,.368,.426,D. JansenC,2,1,1,2,1,1,0,.186,.331,.299
401695610,C. SmithRF,4,1,2,1,0,0,0,.243,.339,.378,C. SimpsonPR-CF,0,0,0,0,0,0,0,.301,.327,.344
401695610,C. McCormickLF,3,0,1,1,0,0,0,.235,.350,.265,C. Mead1B,4,0,1,0,0,0,1,.175,.243,.190
401695610,team,34,4,11,4,2,1,3,,,,T. WallsSS,4,0,0,0,0,0,1,.191,.280,.235
401695610,,,,,,,,,,,,K. MisnerCF,2,0,0,0,0,0,2,.238,.284,.400
401695610,,,,,,,,,,,,aJ. ArandaPH,1,0,0,0,0,0,1,.309,.394,.504
401695610,,,,,,,,,,,,B. RortvedtC,1,0,0,0,0,0,0,.094,.186,.113
401695610,,,,,,,,,,,,team,34,3,7,3,1,1,9,,,
401695612,J. Holliday2B,5,0,1,0,0,0,2,.273,.333,.441,B. Turang2B,4,2,2,2,0,1,2,.293,.372,.371
401695612,R. Mountcastle1B,4,0,0,0,0,0,2,.226,.261,.329,W. ContrerasC,4,0,4,2,0,1,0,.258,.370,.371
401695612,G. HendersonSS,3,0,0,0,0,1,1,.253,.302,.462,J. ChourioCF,5,0,0,0,0,0,1,.236,.254,.419
401695612,R. LaureanoRF,4,1,3,1,1,0,0,.272,.327,.543,C. YelichDH,4,0,0,0,0,0,1,.194,.289,.341
401695612,R. O'HearnDH,3,1,0,0,0,1,2,.294,.386,.500,R. Hoskins1B,2,1,1,0,0,2,0,.291,.400,.454
401695612,R. Urias3B,4,1,1,0,0,0,1,.267,.333,.372,J. OrtizPR-SS,0,0,0,0,0,0,0,.170,.223,.218
401695612,C. MullinsCF,3,1,1,3,1,1,0,.229,.331,.471,I. CollinsLF,4,1,1,0,0,0,1,.236,.321,.333
401695612,D. CarlsonLF,3,0,0,0,0,1,0,.000,.095,.000,S. FrelickRF,4,0,2,0,0,0,0,.279,.351,.390
401695612,M. HandleyC,3,0,0,0,0,0,1,.059,.105,.059,A. MonasterioSS-1B,3,0,0,0,0,0,2,.000,.250,.000
401695612,aA. RutschmanPH,1,0,0,0,0,0,0,.208,.299,.338,aJ. BauersPH-1B,1,0,0,0,0,0,0,.273,.360,.470
401695612,team,33,4,6,4,2,4,9,,,,C. Durbin3B,3,1,1,1,0,1,0,.174,.273,.244
401695612,,,,,,,,,,,,team,34,5,11,5,0,5,7,,,
401695613,S. KwanLF,2,0,1,0,0,0,0,.313,.375,.429,R. JeffersC,2,1,1,0,0,0,1,.271,.347,.411
401695613,A. Martinez2B,2,1,1,0,0,0,1,.298,.327,.394,B. LeeSS,2,0,0,0,0,0,1,.246,.287,.386
401695613,J. Ramirez3B,2,0,0,0,0,0,0,.293,.355,.512,R. LewisDH,1,0,0,0,0,1,0,.200,.273,.300
401695613,K. ManzardoDH,1,0,1,1,0,0,0,.227,.313,.504,T. France1B,2,0,1,1,0,0,0,.256,.319,.357
401695613,C. Santana1B,1,0,0,0,0,0,1,.221,.328,.318,T. LarnachLF,1,0,0,0,0,0,0,.243,.323,.410
401695613,N. JonesCF,1,0,0,0,0,0,0,.179,.281,.292,J. Bride3B,1,0,1,0,0,0,0,.314,.359,.371
401695613,G. AriasSS,1,0,0,0,0,0,0,.253,.311,.390,C. McCuskerRF,1,0,0,0,0,0,1,.000,.000,.000
401695613,B. NaylorC,1,0,0,0,0,0,1,.189,.293,.396,H. BaderCF,1,1,0,0,0,0,0,.277,.363,.429
401695613,W. BrennanRF,1,0,0,0,0,0,0,.000,.091,.000,W. Castro2B,1,0,1,1,0,0,0,.242,.312,.384
401695613,team,12,1,3,1,0,0,3,,,,team,12,2,4,2,0,1,3,,,
401695615,J.P. CrawfordSS,3,1,1,0,0,2,1,.271,.383,.381,C. MeidrothSS,3,1,1,0,0,1,1,.286,.375,.357
401695615,J. PolancoDH,3,0,1,1,0,0,0,.314,.359,.619,M. ThaissC,3,0,1,0,0,1,1,.215,.376,.304
401695615,aM. GarverPH-DH,2,1,1,0,0,0,0,.222,.356,.278,M. Vargas3B,4,0,0,0,0,0,0,.239,.321,.411
401695615,J. RodriguezCF,4,1,1,4,1,0,0,.235,.313,.412,L. Robert Jr.CF,4,0,1,0,0,0,0,.186,.281,.308
401695615,C. RaleighC,4,0,0,0,0,0,1,.241,.362,.560,J. PalaciosRF,4,0,1,0,0,0,1,.198,.301,.272
401695615,R. ArozarenaLF,4,0,0,0,0,0,1,.236,.372,.414,A. VaughnDH,4,0,1,1,0,0,0,.185,.215,.315
401695615,R. Tellez1B,3,0,0,0,0,1,1,.196,.259,.471,A. SlaterLF,2,0,0,0,0,0,2,.227,.227,.455
401695615,L. TaverasRF,4,0,0,0,0,0,0,.139,.179,.194,aE. QueroPH,1,0,0,0,0,0,1,.277,.368,.313
401695615,D. Moore2B,4,0,1,0,0,0,1,.284,.342,.510,M. TaylorLF,1,0,0,0,0,0,1,.196,.253,.348
401695615,B. Williamson3B,4,2,3,0,0,0,0,.248,.275,.314,J. Rojas2B,3,0,0,0,0,0,1,.158,.238,.158
401695615,team,35,5,8,5,1,3,5,,,,T. Elko1B,3,0,0,0,0,0,0,.167,.200,.417
401695615,,,,,,,,,,,,team,32,1,5,1,0,2,8,,,
401695614,K. CarpenterRF,4,0,0,0,0,0,2,.284,.312,.500,L. NootbaarLF,4,2,2,1,0,0,1,.258,.364,.425
401695614,G. Torres2B,3,0,0,0,0,1,1,.284,.368,.440,M. WinnSS,4,1,2,0,0,0,0,.267,.358,.427
401695614,C. Keith1B,4,0,0,0,0,0,1,.222,.341,.359,B. Donovan2B,5,2,3,1,0,0,0,.337,.392,.475
401695614,R. GreeneCF,3,0,1,0,0,0,2,.276,.328,.508,Y. Pozo1B,0,0,0,0,0,0,0,.348,.362,.478
401695614,J. MalloyLF,1,1,0,0,0,0,0,.203,.350,.291,W. Contreras1B,4,1,1,1,0,0,1,.249,.330,.401
401695614,S. TorkelsonDH,3,1,1,0,0,1,1,.246,.352,.533,N. Gorman1B-2B,1,0,0,0,0,0,0,.171,.283,.276
401695614,Z. McKinstry3B,2,0,1,0,0,0,1,.284,.368,.419,I. HerreraDH,5,2,2,2,0,0,0,.426,.484,.815
401695614,aA. IbanezPH-3B,2,1,1,1,0,0,0,.254,.329,.388,N. Arenado3B,4,0,0,1,0,0,0,.241,.316,.371
401695614,T. SweeneySS,3,1,1,1,0,0,1,.252,.311,.364,J. Barrero3B,1,0,0,0,0,0,0,.176,.222,.412
401695614,D. DinglerC,4,0,2,1,0,0,1,.292,.319,.462,A. BurlesonRF,2,0,2,0,0,1,0,.285,.333,.423
401695614,A. BaddooLF-CF,4,0,1,1,0,0,2,.200,.273,.300,J. WalkerRF,1,1,1,2,0,0,0,.195,.260,.286
401695614,team,33,4,8,4,0,2,12,,,,P. PagesC,4,1,1,2,1,0,1,.233,.268,.379
401695614,,,,,,,,,,,,V. Scott IICF,3,1,2,0,0,1,0,.271,.344,.375
401695614,,,,,,,,,,,,team,38,11,16,10,1,2,3,,,
401695616,T. TurnerSS,5,1,3,2,0,0,0,.303,.358,.400,J. BeckLF,4,1,1,0,0,0,1,.264,.331,.568
401695616,B. Harper1B,4,0,2,2,0,0,0,.263,.376,.440,E. TovarSS,4,1,2,2,1,0,0,.275,.310,.450
401695616,K. SchwarberDH,4,1,1,1,1,1,2,.257,.389,.573,H. GoodmanDH,4,0,0,0,0,0,2,.292,.344,.494
401695616,N. CastellanosRF,5,2,2,0,0,0,1,.282,.325,.414,M. Toglia1B,4,1,1,0,0,0,3,.210,.278,.377
401695616,J.T. RealmutoC,5,0,0,0,0,0,2,.236,.317,.382,B. DoyleCF,4,0,1,1,0,0,0,.204,.253,.320
401695616,A. Bohm3B,5,1,2,2,1,0,1,.260,.302,.361,R. McMahon3B,4,0,0,0,0,0,2,.201,.326,.365
401695616,E. Sosa2B,5,2,4,2,1,0,0,.386,.419,.526,T. FreemanRF,2,0,0,0,0,0,0,.118,.304,.118
401695616,W. WilsonLF,2,0,0,0,0,1,1,.250,.333,.438,aM. MoniakPH-RF,2,0,1,0,0,0,0,.220,.270,.386
401695616,bM. KeplerPH-LF,2,0,1,0,0,0,0,.221,.304,.383,A. Amador2B,2,0,0,0,0,0,1,.145,.244,.246
401695616,J. RojasCF,2,0,0,0,0,0,0,.259,.319,.346,J. StallingsC,3,0,0,0,0,0,0,.141,.228,.183
401695616,aB. MarshPH-CF,3,2,2,0,0,0,0,.205,.298,.301,team,33,3,6,3,1,0,9,,,
401695616,team,42,9,17,9,3,2,7,,,,,,,,,,,,,,
401695619,J. IndiaDH,3,0,1,0,0,1,1,.240,.333,.317,H. RamosLF,4,0,1,0,0,0,0,.292,.358,.489
401695619,C. BiggioPR-DH,0,1,0,0,0,0,0,.177,.311,.242,W. FloresDH,4,0,1,0,0,0,1,.257,.322,.449
401695619,B. Witt Jr.SS,4,0,1,0,0,0,0,.302,.369,.508,J. LeeCF,4,0,1,1,0,0,1,.276,.317,.465
401695619,V. Pasquantino1B,4,1,2,2,1,0,0,.228,.272,.392,M. Chapman3B,4,0,0,0,0,0,1,.216,.337,.398
401695619,S. PerezC,4,0,0,0,0,0,2,.218,.254,.324,W. AdamesSS,3,0,0,0,0,1,1,.219,.302,.353
401695619,M. Garcia3B,4,1,2,0,0,0,2,.306,.374,.482,C. Schmitt1B,2,0,1,0,0,1,0,.200,.259,.320
401695619,M. CanhaLF,3,0,2,0,0,0,0,.296,.371,.333,aL. Wade Jr.PH,1,0,1,0,0,0,0,.172,.271,.287
401695619,D. BlancoPR-LF,0,0,0,0,0,0,0,.333,.333,.667,T. Fitzgerald2B,3,0,0,0,0,1,0,.286,.350,.429
401695619,M. Massey2B,4,0,0,0,0,0,1,.199,.218,.269,L. MatosRF,3,0,0,0,0,0,0,.154,.203,.323
401695619,H. RenfroeRF,3,0,0,0,0,1,1,.173,.234,.224,bM. YastrzemskiPH,1,0,0,0,0,0,1,.274,.376,.438
401695619,K. IsbelCF,4,0,2,1,0,0,0,.278,.286,.435,S. HuffC,3,1,1,0,0,0,2,.200,.245,.289
401695619,team,33,3,10,3,1,2,7,,,,team,32,1,6,1,0,3,7,,,
401764540,Z. NetoSS,4,1,1,0,0,0,1,.282,.333,.545,L. ButlerRF,4,1,1,0,0,1,0,.228,.294,.389
401764540,N. Schanuel1B,4,2,3,1,1,0,0,.277,.365,.406,J. WilsonSS,3,1,2,0,0,1,0,.343,.380,.481
401764540,Y. Moncada3B,3,0,0,1,0,0,1,.215,.346,.446,M. SchuemannPR,0,0,0,0,0,0,0,.263,.349,.447
401764540,T. WardLF,4,1,1,2,1,0,2,.198,.246,.458,T. SoderstromLF,4,1,1,0,0,0,2,.272,.332,.489
401764540,J. SolerDH,4,0,0,0,0,0,2,.213,.289,.375,B. RookerDH,2,0,1,1,0,2,0,.241,.310,.445
401764540,L. O'HoppeC,4,0,2,0,0,0,1,.259,.293,.482,S. LangeliersC,4,0,1,1,0,0,1,.250,.316,.442
401764540,M. LugoCF,4,0,0,0,0,0,4,.310,.333,.759,N. Kurtz1B,4,0,0,0,0,0,1,.208,.259,.299
401764540,L. Rengifo2B,4,0,1,0,0,0,2,.219,.258,.288,L. Urias2B,3,0,0,0,0,0,0,.265,.342,.461
401764540,J. AdellRF,3,0,0,0,0,0,0,.193,.244,.361,J. BledayCF,3,0,1,0,0,1,1,.208,.298,.377
401764540,team,34,4,8,4,2,0,13,,,,G. Urshela3B,3,0,0,0,0,0,1,.219,.265,.333
401764540,,,,,,,,,,,,aS. BrownPH,1,0,0,0,0,0,0,.191,.309,.298
401764540,,,,,,,,,,,,team,31,3,7,2,0,5,6,,,
401695618,K. Marte2B,5,1,1,0,0,0,1,.268,.381,.537,S. OhtaniDH,4,1,1,1,1,0,0,.312,.406,.672
401695618,C. CarrollRF,4,1,1,0,0,1,2,.279,.353,.592,M. BettsSS,4,2,2,2,2,0,0,.263,.350,.444
401695618,L. Gurriel Jr.LF,4,2,1,2,1,1,0,.227,.271,.442,F. Freeman1B,4,1,1,0,0,0,0,.368,.426,.662
401695618,E. Suarez3B,5,0,1,1,0,0,2,.215,.307,.512,W. SmithC,3,0,1,0,0,1,0,.339,.450,.504
401695618,J. Naylor1B,5,1,1,1,0,0,0,.299,.367,.452,T. HernándezRF,4,1,0,1,0,0,1,.306,.324,.582
401695618,G. MorenoC,4,1,1,2,1,0,0,.264,.331,.364,M. Muncy3B,3,0,0,0,0,0,0,.205,.326,.336
401695618,T. TawaCF,4,1,2,0,0,0,0,.241,.323,.458,M. ConfortoLF,3,0,0,0,0,1,0,.168,.304,.273
401695618,A. ThomasCF,0,0,0,0,0,0,0,.276,.323,.390,T. Edman2B,4,0,1,1,0,0,0,.244,.285,.496
401695618,P. SmithDH,4,1,2,0,0,0,0,.306,.425,.504,H. KimCF,4,0,0,0,0,0,1,.400,.432,.514
401695618,G. PerdomoSS,2,1,1,3,1,1,0,.302,.403,.488,team,33,5,6,5,3,2,2,,,
401695618,team,37,9,11,9,3,3,5,,,,,,,,,,,,,,
401570893,K. SchwarberDH,4,2,1,2,0,1,1,.248,.366,.485,L. Garcia Jr.2B,5,1,2,2,1,0,1,.282,.318,.444
401570893,T. TurnerSS,4,1,2,0,0,0,0,.295,.338,.469,J. WoodLF,5,0,0,0,0,0,4,.264,.354,.427
401570893,B. Kennedy3B,1,0,0,0,0,0,1,.182,.308,.273,J. YepezDH,5,0,1,1,0,0,1,.283,.335,.429
401570893,N. CastellanosRF,0,0,0,0,0,1,0,.254,.311,.431,J. Tena3B,4,0,0,0,0,0,3,.274,.305,.363
401570893,W. WilsonRF,3,0,1,2,0,0,1,.284,.347,.489,D. CrewsRF,3,0,3,0,0,0,0,.218,.288,.353
401570893,B. Stott2B,4,0,1,1,0,0,0,.245,.315,.356,J. Gallo1B,3,0,0,0,0,0,1,.161,.277,.336
401570893,A. Bohm1B,4,0,1,1,0,0,1,.280,.332,.448,aS. GarrettPH,1,0,0,0,0,0,0,.600,.667,1.400
401570893,B. MarshCF,4,0,0,0,0,0,0,.249,.328,.419,T. Lipscomb1B,0,0,0,0,0,0,0,.200,.268,.232
401570893,K. ClemensLF,2,1,1,0,0,1,1,.219,.258,.447,D. MillasC,4,0,2,0,0,0,2,.246,.306,.316
401570893,E. Sosa3B-SS,4,1,1,0,0,0,1,.257,.313,.422,J. YoungCF,3,1,1,0,0,1,1,.256,.316,.331
401570893,G. StubbsC,4,1,1,0,0,0,0,.207,.296,.262,N. NunezSS,3,1,1,0,0,0,1,.246,.370,.262
401570893,team,34,6,9,6,0,3,6,,,,bD. BakerPH,1,0,1,0,0,0,0,.500,.500,.643
401570893,,,,,,,,,,,,team,37,3,11,3,1,1,14,,,
401570894,N. Gonzales2B,4,1,0,0,0,0,0,.270,.311,.398,G. Torres2B,3,2,2,0,0,1,1,.257,.330,.378
401570894,B. ReynoldsDH,3,1,0,0,0,1,1,.275,.344,.447,T. GrishamCF,4,1,2,3,1,0,2,.190,.290,.385
401570894,O. CruzCF,3,1,0,0,0,2,2,.259,.324,.449,G. StantonDH,1,0,0,0,0,1,0,.233,.298,.475
401570894,J. BartC,4,1,2,1,0,0,2,.265,.337,.462,aA. WellsPH-DH,1,1,0,0,0,0,0,.229,.322,.395
401570894,J. PalaciosLF,3,0,1,2,0,1,1,.224,.333,.343,J. DominguezLF,3,1,0,0,0,1,0,.179,.313,.304
401570894,J. Triolo3B,3,0,0,1,0,0,3,.216,.296,.315,J. Berti3B,3,0,0,0,0,1,0,.273,.342,.318
401570894,N. YorkeRF,2,0,0,0,0,2,1,.216,.286,.378,A. VerdugoRF,4,0,1,2,0,0,1,.233,.291,.356
401570894,B. Cook1B,4,0,1,0,0,0,1,.224,.224,.449,A. VolpeSS,2,0,0,0,0,2,1,.243,.293,.364
401570894,L. PegueroSS,4,0,1,0,0,0,2,.200,.200,.300,B. Rice1B,3,0,0,0,0,0,2,.171,.264,.349
401570894,team,30,4,5,4,0,6,13,,,,J. TrevinoC,2,1,0,0,0,1,1,.215,.288,.354
401570894,,,,,,,,,,,,team,26,6,5,5,1,7,8,,,
401570896,B. Donovan2B,3,1,2,2,1,2,0,.278,.342,.417,M. YastrzemskiRF,2,0,0,0,0,0,0,.231,.302,.437
401570896,A. BurlesonLF-1B,4,0,2,3,0,1,1,.269,.314,.420,L. MatosRF,2,0,0,0,0,0,0,.213,.237,.347
401570896,P. GoldschmidtDH,2,0,0,0,0,0,2,.245,.302,.414,J. EncarnacionLF-1B,4,0,0,0,0,0,1,.248,.277,.425
401570896,aL. BakerPH-DH,3,0,0,0,0,0,0,.175,.286,.400,L. Wade Jr.1B,2,0,0,0,0,0,0,.260,.380,.381
401570896,L. NootbaarCF-LF,4,0,0,0,0,0,2,.244,.342,.417,D. Walton2B,2,0,1,0,0,0,0,.136,.240,.273
401570896,M. Carpenter1B,1,0,1,0,0,0,0,.234,.314,.372,M. Chapman3B,1,0,0,0,0,0,0,.247,.328,.463
401570896,M. SianiCF,2,1,0,0,0,1,1,.228,.285,.285,C. Schmitt3B,3,1,2,0,0,0,1,.252,.283,.477
401570896,J. WalkerRF,4,1,1,0,0,0,2,.201,.253,.366,M. ConfortoDH,4,0,1,0,0,0,0,.237,.309,.450
401570896,T. SaggeseSS,3,1,0,0,0,1,1,.204,.250,.306,T. FitzgeraldSS-LF,4,0,0,0,0,0,2,.280,.334,.497
401570896,P. PagesC,3,1,0,0,0,1,3,.238,.281,.376,B. Wisely2B-SS,3,0,1,1,0,0,0,.238,.278,.345
401570896,J. Fermin3B,4,1,1,1,0,0,2,.155,.241,.197,C. CasaliC,3,0,1,0,0,0,0,.194,.293,.250
401570896,team,33,6,7,6,1,6,14,,,,G. McCrayCF,3,0,1,0,0,0,2,.202,.238,.379
401570896,,,,,,,,,,,,team,33,1,7,1,0,0,6,,,
401570897,R. Palacios2B,4,0,0,0,0,0,0,.223,.346,.318,J. DuranLF,4,1,1,0,0,0,2,.285,.342,.492
401570897,J. Caminero3B,4,0,0,0,0,0,1,.248,.299,.424,V. Grissom2B,3,2,1,1,0,1,1,.190,.246,.219
401570897,J. Aranda1B,3,0,0,0,0,0,1,.234,.308,.430,T. Casas1B,4,0,1,1,0,0,1,.241,.337,.462
401570897,C. MorelLF,4,0,2,0,0,0,1,.196,.288,.346,C. WongC,4,0,1,1,0,0,0,.280,.333,.425
401570897,J. LoweRF,4,1,1,0,0,0,1,.241,.302,.391,W. AbreuRF,3,0,0,0,0,1,1,.253,.322,.459
401570897,J. DeLucaCF,4,0,1,0,0,0,0,.217,.278,.331,N. SogardSS,4,0,1,0,0,0,1,.273,.326,.325
401570897,D. CarlsonDH,4,0,3,1,0,0,1,.209,.287,.277,C. RafaelaCF,3,0,2,0,0,0,1,.246,.274,.390
401570897,J. CaballeroSS,4,0,1,0,0,0,0,.227,.283,.347,M. GasperDH,2,0,0,0,0,1,1,.000,.217,.000
401570897,L. DriscollC,3,0,0,0,0,1,0,.171,.189,.257,E. Valdez3B,3,0,0,0,0,0,1,.214,.270,.363
401570897,team,34,1,8,1,0,1,5,,,,team,30,3,7,3,0,3,9,,,
401570890,J. BurgerDH,4,1,1,0,0,0,1,.250,.301,.460,V. Guerrero Jr.DH,2,0,0,0,0,2,1,.323,.396,.544
401570890,X. EdwardsSS,4,1,2,0,0,0,0,.328,.397,.423,N. LukesPR-DH,0,0,0,0,0,0,0,.303,.371,.447
401570890,C. Norby3B,4,0,0,0,0,0,2,.247,.315,.445,J. ClaseCF,4,0,1,0,0,0,1,.350,.435,.550
401570890,J. Bride1B,3,1,2,2,0,1,0,.276,.357,.461,S. Horwitz1B,3,0,0,0,0,1,0,.265,.357,.433
401570890,J. SánchezRF,4,0,0,0,0,0,3,.252,.313,.417,E. ClementSS,4,0,0,0,0,0,1,.263,.284,.408
401570890,D. MyersCF,4,0,1,0,0,0,0,.263,.333,.442,D. Schneider2B,3,0,0,0,0,1,2,.191,.282,.343
401570890,O. Lopez2B,4,0,2,1,0,0,1,.270,.313,.377,L. De Los Santos3B,3,1,1,0,0,0,1,.172,.226,.241
401570890,G. ConineLF,4,0,0,0,0,0,1,.268,.326,.451,aA. BargerPH,1,0,0,0,0,0,0,.197,.250,.351
401570890,N. FortesC,4,0,1,0,0,0,0,.227,.259,.318,S. BerroaRF,4,0,2,0,0,0,1,.189,.333,.216
401570890,team,35,3,9,3,0,1,8,,,,J. LoperfidoLF,4,0,0,1,0,0,2,.197,.236,.343
401570890,,,,,,,,,,,,T. HeinemanC,3,0,0,0,0,0,1,.100,.308,.100
401570890,,,,,,,,,,,,team,31,1,4,1,0,4,10,,,
401570898,M. Semien2B,4,1,1,0,0,1,0,.237,.308,.391,T. WardLF,4,0,0,0,0,0,1,.246,.323,.426
401570898,J. SmithSS,5,0,1,2,0,0,0,.258,.337,.394,J. LopezSS,4,0,1,0,0,0,1,.254,.286,.343
401570898,W. LangfordLF,5,1,1,0,0,0,0,.253,.325,.415,E. Wagaman3B,4,0,1,0,0,0,1,.250,.270,.403
401570898,N. Lowe1B,4,2,2,2,1,1,0,.265,.361,.401,K. PillarCF,3,0,0,0,0,0,2,.236,.291,.378
401570898,J. HeimC,5,0,1,1,0,0,0,.220,.267,.336,B. DruryDH,4,0,0,0,0,0,2,.169,.242,.228
401570898,L. TaverasCF,5,1,2,0,0,0,0,.229,.289,.352,M. ThaissC,3,0,1,0,0,1,0,.204,.323,.299
401570898,T. JankowskiRF,2,1,0,0,0,1,0,.200,.266,.242,G. CamperoRF,4,0,0,0,0,0,0,.239,.271,.348
401570898,D. HarrisDH,4,1,2,3,1,0,1,.333,.429,1.000,N. Kavadas1B,4,0,0,0,0,0,1,.183,.283,.333
401570898,E. Duran3B,4,1,1,0,0,0,0,.246,.288,.321,M. Stefanic2B,2,0,1,0,0,1,0,.218,.301,.255
401570898,team,38,8,11,8,2,3,1,,,,team,32,0,4,0,0,2,8,,,
401570884,G. HendersonSS,3,0,0,0,0,0,0,.281,.364,.529,E. JulienDH,4,0,0,0,0,0,2,.199,.292,.323
401570884,J. HollidaySS,1,0,1,0,0,1,0,.189,.255,.311,A. MartinLF,4,0,2,0,0,0,1,.253,.318,.352
401570884,J. Westburg2B,5,0,1,2,0,0,2,.264,.312,.481,B. LeeSS,4,0,1,0,0,0,1,.221,.265,.320
401570884,A. RutschmanDH,4,0,0,0,0,0,1,.250,.318,.391,R. Lewis3B,4,0,0,0,0,0,1,.233,.295,.452
401570884,C. CowserLF-CF,4,0,0,0,0,0,0,.242,.321,.447,C. Santana1B,2,1,1,1,1,2,0,.238,.328,.420
401570884,R. Mountcastle1B,4,0,1,0,0,0,2,.271,.308,.425,K. Farmer2B,4,0,0,0,0,0,1,.214,.293,.353
401570884,R. O'HearnRF,2,2,2,0,0,1,0,.264,.334,.427,M. MargotRF,4,0,2,0,0,0,0,.238,.289,.337
401570884,H. KjerstadRF,1,1,1,1,1,0,0,.253,.351,.394,C. VazquezC,4,0,0,0,0,0,2,.221,.248,.327
401570884,C. MullinsCF,3,2,2,0,0,0,0,.234,.305,.405,D. Keirsey Jr.CF,2,1,1,1,1,0,0,.154,.214,.385
401570884,A. SlaterLF,1,0,0,0,0,0,0,.246,.342,.333,aM. HelmanPH-CF,1,0,0,0,0,0,0,.300,.300,.500
401570884,R. Urias3B,2,0,0,0,0,0,0,.254,.322,.423,team,33,2,7,2,2,2,8,,,
401570884,E. Rivera3B,2,0,0,0,0,0,1,.313,.370,.578,,,,,,,,,,,
401570884,J. McCannC,4,1,1,3,1,0,2,.234,.279,.388,,,,,,,,,,,
401570884,team,36,6,9,6,2,2,8,,,,,,,,,,,,,,
401570885,M. Vargas3B,3,1,0,0,0,1,0,.104,.217,.170,P. MeadowsCF,4,1,2,0,0,1,0,.244,.310,.433
401570885,L. Robert Jr.CF,5,1,1,0,0,0,1,.224,.278,.379,K. CarpenterDH,5,1,1,4,1,0,1,.284,.345,.587
401570885,Z. DeLoachLF,4,2,1,0,0,1,1,.209,.293,.328,M. Vierling3B,3,1,0,0,0,1,1,.257,.312,.423
401570885,A. Vaughn1B,5,0,1,0,0,0,1,.246,.297,.402,R. GreeneLF,3,0,0,0,0,1,0,.262,.348,.479
401570885,L. Sosa2B,4,3,3,3,1,1,0,.254,.283,.359,W. PerezRF,4,0,2,0,0,0,1,.242,.300,.383
401570885,B. RamosDH,4,2,2,2,0,1,1,.202,.252,.333,C. Keith2B,2,0,0,0,0,0,0,.260,.309,.380
401570885,K. LeeC,5,0,1,2,0,0,0,.210,.244,.347,aA. IbanezPH-2B,1,0,0,0,0,0,0,.241,.295,.357
401570885,D. FletcherRF,4,0,1,1,0,0,0,.206,.252,.256,bJ. JungPH-2B,0,0,0,0,0,1,0,.241,.362,.304
401570885,J. AmayaSS,5,0,1,1,0,0,3,.179,.225,.194,S. Torkelson1B,2,1,1,1,0,2,0,.219,.295,.374
401570885,team,39,9,11,9,1,4,7,,,,T. SweeneySS,3,1,0,0,0,1,1,.218,.269,.373
401570885,,,,,,,,,,,,J. RogersC,3,0,0,0,0,0,0,.197,.255,.352
401570885,,,,,,,,,,,,cZ. McKinstryPH,1,0,0,0,0,0,0,.215,.277,.337
401570885,,,,,,,,,,,,team,31,5,6,5,1,7,4,,,
401570889,S. OhtaniDH,4,0,1,0,0,0,0,.310,.390,.646,C. BlackmonCF-RF,2,0,1,0,0,0,0,.256,.329,.412
401570889,M. BettsRF,2,0,0,0,0,0,0,.289,.372,.491,J. BeckPR-LF,2,0,0,0,0,0,2,.188,.245,.276
401570889,J. OutmanCF,1,0,0,0,0,1,1,.147,.256,.265,E. TovarSS,4,0,0,0,0,0,0,.269,.295,.469
401570889,T. HernándezLF,4,0,2,0,0,0,1,.272,.339,.501,R. McMahon3B,4,0,0,0,0,0,1,.242,.325,.397
401570889,M. Muncy3B,4,0,0,0,0,0,1,.232,.358,.494,M. Toglia1B,4,0,1,0,0,0,2,.218,.311,.456
401570889,T. EdmanSS,4,0,0,0,0,0,1,.237,.294,.417,N. JonesDH,3,0,1,0,0,1,1,.227,.321,.320
401570889,E. Hernández1B,4,0,0,0,0,0,0,.229,.281,.373,S. HilliardLF-CF,3,1,1,1,1,1,1,.239,.305,.507
401570889,C. Taylor2B,2,1,1,1,1,1,1,.202,.298,.300,J. CaveRF-LF-RF,4,0,1,0,0,0,3,.251,.290,.396
401570889,A. PagesCF-RF,3,0,0,0,0,0,1,.248,.305,.407,A. Schunk2B,4,0,0,0,0,0,2,.234,.265,.330
401570889,A. BarnesC,3,1,1,0,0,0,1,.264,.331,.307,D. RomoC,3,0,1,0,0,0,0,.176,.208,.235
401570889,team,31,2,5,1,1,2,7,,,,team,33,1,6,1,1,2,12,,,
401570891,F. LindorSS,4,2,2,2,1,1,0,.272,.344,.496,B. Turang2B,4,0,1,0,0,0,1,.254,.316,.349
401570891,J. Iglesias2B-3B,5,0,2,0,0,0,1,.341,.387,.456,J. ChourioRF,4,0,1,0,0,0,1,.275,.327,.464
401570891,B. NimmoLF,5,0,1,1,0,0,2,.224,.328,.396,W. AdamesSS,2,0,0,0,0,1,0,.251,.331,.462
401570891,M. Vientos3B,5,1,2,0,0,0,0,.268,.324,.520,A. Monasterio3B,1,0,0,0,0,0,1,.208,.303,.272
401570891,E. Alvarez2B,0,0,0,0,0,0,0,.000,.143,.000,J. Bauers1B,3,0,0,0,0,1,1,.199,.301,.361
401570891,P. Alonso1B,3,0,0,0,0,1,1,.240,.330,.462,E. HaaseC,3,0,0,0,0,0,2,.273,.304,.515
401570891,J.D. MartinezDH,5,1,2,0,0,0,1,.234,.318,.406,aG. MitchellPH,1,0,0,0,0,0,1,.255,.342,.469
401570891,L. AcunaPR-DH,0,0,0,0,0,0,0,.343,.361,.714,I. CollinsLF,4,0,0,0,0,0,3,.118,.211,.118
401570891,S. MarteRF,2,0,0,0,0,1,0,.266,.323,.387,B. PerkinsCF,2,0,0,0,0,1,1,.240,.316,.332
401570891,H. BaderCF,1,0,0,0,0,0,1,.239,.287,.378,G. SanchezDH,2,0,1,0,0,1,0,.220,.307,.392
401570891,F. AlvarezC,3,1,2,2,0,0,0,.237,.308,.401,J. Ortiz3B-SS,3,0,0,0,0,0,1,.239,.329,.398
401570891,L. TorrensC,0,0,0,0,0,0,0,.235,.299,.383,team,29,0,3,0,0,4,12,,,
401570891,T. TaylorCF-RF,4,0,1,0,0,0,0,.247,.300,.401,,,,,,,,,,,
401570891,team,37,5,12,5,1,3,6,,,,,,,,,,,,,,
401570892,J. BledayCF,4,0,0,0,0,0,1,.243,.324,.437,V. RoblesRF-CF,4,1,1,1,0,0,0,.328,.393,.467
401570892,B. RookerDH,4,0,0,0,0,0,2,.293,.365,.562,J. RodriguezCF,3,1,1,1,0,0,1,.273,.325,.409
401570892,T. Soderstrom1B,4,1,1,0,0,0,2,.233,.315,.429,aL. RivasPH-SS-2B,1,0,0,0,0,0,0,.233,.333,.274
401570892,S. BrownRF,4,2,2,0,0,0,1,.231,.283,.379,C. RaleighC,4,2,2,2,1,0,0,.220,.312,.436
401570892,Z. Gelof2B,4,1,1,0,0,0,2,.211,.270,.362,M. GarverC,0,0,0,0,0,0,0,.172,.286,.341
401570892,T. Nevin3B,3,0,1,2,0,0,1,.204,.288,.331,R. ArozarenaLF,3,1,1,0,0,1,1,.231,.356,.377
401570892,D. Hernaiz3B,1,0,1,2,0,0,0,.192,.261,.242,L. Raley1B,3,0,0,0,0,0,2,.243,.320,.463
401570892,K. McCannC,3,0,0,0,0,1,1,.236,.318,.371,J. TurnerDH,2,0,1,2,0,0,1,.264,.363,.403
401570892,D. CameronLF,2,0,0,0,0,0,0,.200,.258,.329,bL. UriasPH-DH,1,0,1,0,0,0,0,.191,.303,.394
401570892,aM. SchuemannPH-LF,2,0,0,0,0,0,2,.220,.311,.308,J. Polanco2B,2,0,0,0,0,1,1,.213,.296,.355
401570892,N. AllenSS,3,0,1,0,0,0,0,.175,.216,.247,M. HanigerRF,1,0,0,0,0,0,1,.208,.286,.334
401570892,team,34,4,7,4,0,1,12,,,,J.P. CrawfordSS,3,1,2,0,0,0,0,.202,.304,.321
401570892,,,,,,,,,,,,D. MooreCF-SS,1,0,0,0,0,0,0,.201,.320,.367
401570892,,,,,,,,,,,,J. Rojas3B,4,0,0,0,0,0,1,.225,.304,.336
401570892,,,,,,,,,,,,team,32,6,9,6,1,2,8,,,
401570895,L. Arraez1B,3,1,1,0,0,0,1,.318,.346,.398,K. Marte2B,5,1,2,2,1,0,0,.292,.372,.560
401570895,D. Solano1B,1,0,0,0,0,0,1,.286,.343,.417,K. Newman2B,0,0,0,0,0,0,0,.278,.311,.375
401570895,F. Tatis Jr.DH,4,0,0,0,0,0,2,.276,.340,.492,C. CarrollRF,4,1,0,0,0,1,1,.231,.322,.428
401570895,J. Cronenworth2B,4,0,0,1,0,0,1,.241,.324,.390,L. Gurriel Jr.LF,5,0,3,1,0,0,0,.279,.322,.435
401570895,D. PeraltaLF,4,0,0,0,0,0,3,.267,.335,.415,A. ThomasPR-CF,0,1,0,0,0,0,0,.189,.245,.358
401570895,J. MerrillCF,2,0,1,0,0,1,0,.292,.326,.500,C. Walker1B,3,1,1,0,0,0,0,.251,.335,.468
401570895,N. AhmedSS,3,1,1,0,0,0,1,.143,.143,.143,R. GrichukDH,5,3,2,2,1,0,0,.291,.348,.528
401570895,E. DiazC,3,0,1,1,0,0,0,.190,.292,.429,E. Suarez3B,5,2,3,2,1,0,2,.256,.319,.469
401570895,T. Wade3B,3,0,0,0,0,0,0,.217,.285,.239,J. McCarthyCF-LF,5,1,3,2,0,0,1,.285,.349,.400
401570895,B. LockridgeRF,3,0,0,0,0,0,2,.167,.167,.417,G. MorenoC,3,1,1,1,0,1,1,.266,.353,.380
401570895,team,30,2,4,2,0,1,11,,,,G. PerdomoSS,3,0,1,1,0,0,1,.273,.344,.374
401570895,,,,,,,,,,,,team,38,11,16,11,3,2,6,,,
401570886,J. India2B,3,1,1,0,0,2,1,.248,.357,.392,I. HappLF,4,0,0,0,0,1,1,.243,.341,.441
401570886,E. De La CruzSS,5,1,1,2,0,0,2,.259,.339,.471,N. Hoerner2B,5,0,1,0,0,0,1,.273,.335,.373
401570886,T. StephensonDH-C,3,0,1,1,0,2,0,.258,.339,.444,S. SuzukiDH,4,0,1,0,0,1,0,.283,.366,.482
401570886,S. SteerLF,5,0,0,0,0,0,3,.225,.319,.402,M. Busch1B,1,0,0,0,0,4,0,.248,.335,.440
401570886,B. FarmerP,0,0,0,0,0,0,0,.000,.000,.000,I. Paredes3B,3,0,0,0,0,1,1,.223,.325,.307
401570886,T. FriedlCF,5,0,1,0,0,0,0,.226,.310,.380,P. Crow-ArmstrongCF,3,0,0,0,0,0,0,.237,.286,.384
401570886,T. France1B,4,0,0,0,0,0,0,.251,.292,.391,C. BethancourtC,4,0,0,0,0,0,1,.281,.305,.509
401570886,J. FraleyRF,4,0,3,0,0,0,0,.277,.330,.386,K. AlcantaraRF,3,0,0,0,0,0,0,.100,.100,.100
401570886,N. Marte3B,4,0,0,0,0,0,0,.210,.248,.301,aM. TauchmanPH-RF,1,0,0,0,0,0,0,.248,.357,.366
401570886,L. MaileC,4,0,2,0,0,0,1,.178,.268,.252,L. VazquezSS,4,0,1,0,0,0,2,.083,.143,.083
401570886,B. DunnPR-LF,0,1,0,0,0,0,0,.154,.241,.308,team,32,0,3,0,0,7,6,,,
401570886,team,37,3,9,3,0,4,7,,,,,,,,,,,,,,
401570888,T. PhamDH,4,1,1,0,0,0,1,.228,.250,.337,M. Harris IICF,5,0,3,0,0,0,0,.266,.306,.424
401570888,B. Witt Jr.SS,4,1,1,0,0,0,1,.332,.389,.588,O. Albies2B,5,0,0,0,0,0,0,.247,.298,.393
401570888,M. Massey2B,4,1,1,3,1,0,1,.259,.294,.449,M. OzunaDH,4,0,0,0,0,0,1,.304,.381,.552
401570888,Y. Gurriel1B,4,0,0,0,0,0,3,.241,.338,.296,M. Olson1B,3,1,1,0,0,0,0,.247,.334,.460
401570888,M. MelendezLF,3,0,0,0,0,1,2,.206,.273,.400,J. SolerRF,2,0,0,0,0,1,0,.240,.356,.486
401570888,H. RenfroeRF,4,1,1,1,1,0,2,.229,.297,.392,E. WhitePR-RF,0,0,0,0,0,0,0,.270,.308,.432
401570888,F. FerminC,3,0,1,0,0,0,1,.271,.319,.366,R. LaureanoLF,4,0,1,1,0,0,3,.293,.323,.495
401570888,M. Garcia3B,2,0,0,0,0,1,1,.231,.281,.332,S. MurphyC,4,0,0,0,0,0,1,.194,.280,.353
401570888,K. IsbelCF,2,0,0,0,0,1,2,.229,.287,.367,G. Urshela3B,4,1,2,1,1,0,1,.264,.281,.432
401570888,team,30,4,5,4,2,3,14,,,,O. ArciaSS,2,0,1,0,0,1,0,.220,.272,.357
401570888,,,,,,,,,,,,aT. d'ArnaudPH,1,0,0,0,0,0,1,.235,.301,.437
401570888,,,,,,,,,,,,team,34,2,8,2,1,2,7,,,
