gameId,away_hitters,away_AB,away_R,away_H,away_RBI,away_HR,away_BB,away_K,away_AVG,away_OBP,away_SLG,home_hitters,home_AB,home_R,home_H,home_RBI,home_HR,home_BB,home_K,home_AVG,home_OBP,home_SLG,away_player,away_team,home_player,home_team,gameID
401695608,P. Crow-ArmstrongCF,5.0,0.0,0.0,0.0,0.0,0.0,3.0,0.282,0.317,0.569,J. SánchezRF,5.0,2.0,3.0,4.0,1.0,0.0,2.0,0.24,0.33,0.34,Pete Crow-Armstrong,CHC,Juan Soto,NYY,1
401695608,K. TuckerRF,4.0,0.0,0.0,0.0,0.0,1.0,1.0,0.258,0.371,0.511,A. RamirezC,4.0,1.0,1.0,1.0,1.0,0.0,2.0,0.267,0.337,0.593,Kyle Tucker,HOU,Jose Ramirez,CLE,1
401695608,S. SuzukiLF,4.0,0.0,1.0,0.0,0.0,1.0,1.0,0.243,0.299,0.508,O. Lopez2B,4.0,0.0,1.0,1.0,0.0,0.0,1.0,0.231,0.291,0.35,Seiya Suzuki,CHC,Otto Lopez,MIA,1
401695608,M. Busch1B,4.0,2.0,1.0,0.0,0.0,1.0,1.0,0.255,0.356,0.464,K. StowersLF,4.0,0.0,1.0,0.0,0.0,0.0,1.0,0.303,0.379,0.561,Michael Busch,CHC,Kyle Stowers,MIA,1
401695608,D. SwansonSS,5.0,1.0,2.0,0.0,0.0,0.0,0.0,0.257,0.317,0.47,E. Wagaman1B,4.0,0.0,0.0,0.0,0.0,0.0,2.0,0.242,0.295,0.379,Dansby Swanson,CHC,Eric Wagaman,LAA,1
401695608,N. Hoerner2B,5.0,2.0,2.0,0.0,0.0,0.0,0.0,0.293,0.335,0.368,C. Norby3B,4.0,1.0,1.0,0.0,0.0,0.0,2.0,0.263,0.298,0.414,Nico Hoerner,CHC,Connor Norby,MIA,1
401695608,M. BallesterosDH,4.0,0.0,2.0,1.0,0.0,0.0,1.0,0.188,0.278,0.188,L. HicksDH,4.0,1.0,1.0,1.0,0.0,0.0,1.0,0.28,0.348,0.5,Matt Wallner,MIN,Aaron Hicks,LAA,1
401695608,M. AmayaC,3.0,2.0,2.0,5.0,1.0,1.0,1.0,0.287,0.323,0.529,D. HillCF,4.0,1.0,2.0,0.0,0.0,0.0,1.0,0.197,0.258,0.344,Miguel Amaya,CHC,Derek Hill,MIA,1
401695608,M. Shaw3B,4.0,0.0,2.0,1.0,0.0,0.0,1.0,0.194,0.306,0.274,J. SanojaSS,3.0,2.0,1.0,1.0,0.0,1.0,0.0,0.24,0.28,0.31,Myles Straw,CLE,Javier Sanoja,MIA,1
401695608,team,38.0,7.0,12.0,7.0,1.0,4.0,9.0,,,,team,36.0,8.0,11.0,8.0,2.0,1.0,12.0,,,,,CLE,,MIA,1
401695609,T. FriedlCF,5.0,2.0,3.0,1.0,0.0,0.0,0.0,0.275,0.364,0.386,K. Hayes3B,4.0,0.0,0.0,0.0,0.0,0.0,2.0,0.244,0.294,0.304,TJ Friedl,CIN,Ke'Bryan Hayes,PIT,2
401695609,S. Espinal3B,4.0,0.0,0.0,0.0,0.0,1.0,1.0,0.271,0.326,0.316,A. McCutchenDH,4.0,0.0,0.0,0.0,0.0,0.0,2.0,0.241,0.34,0.358,Santiago Espinal,CIN,Andrew McCutchen,PIT,2
401695609,E. De La CruzSS,4.0,2.0,2.0,2.0,0.0,1.0,1.0,0.251,0.324,0.419,B. ReynoldsRF,3.0,1.0,1.0,0.0,0.0,1.0,0.0,0.205,0.273,0.33,Elly De La Cruz,CIN,Bryan Reynolds,PIT,2
401695609,A. HaysLF,5.0,1.0,3.0,2.0,0.0,0.0,1.0,0.33,0.375,0.602,J. BartC,4.0,0.0,1.0,1.0,0.0,0.0,0.0,0.27,0.383,0.349,Austin Hays,PHI,Joey Bart,PIT,2
401695609,G. LuxDH,5.0,0.0,2.0,1.0,0.0,0.0,3.0,0.294,0.379,0.412,A. CanarioCF,4.0,0.0,1.0,0.0,0.0,0.0,1.0,0.23,0.296,0.392,Gavin Lux,LAD,Alexander Canario,CHC,2
401695609,S. Steer1B,4.0,0.0,1.0,0.0,0.0,0.0,0.0,0.209,0.273,0.335,N. Solak1B-2B,4.0,0.0,0.0,0.0,0.0,0.0,0.0,0.1,0.1,0.1,Spencer Steer,CIN,Nick Sogard,BOS,2
401695609,W. BensonRF,4.0,1.0,1.0,0.0,0.0,0.0,1.0,0.353,0.405,0.882,T. PhamLF,3.0,0.0,1.0,0.0,0.0,0.0,1.0,0.183,0.264,0.217,Will Benson,CIN,Tommy Pham,KCR,2
401695609,T. StephensonC,3.0,1.0,0.0,0.0,0.0,1.0,1.0,0.184,0.286,0.306,I. Kiner-FalefaSS,2.0,0.0,1.0,0.0,0.0,0.0,0.0,0.282,0.336,0.347,Tyler Stephenson,CIN,Isiah Kiner-Falefa,PIT,2
401695609,M. McLain2B,3.0,0.0,0.0,1.0,0.0,0.0,2.0,0.179,0.294,0.324,J. Triolo2B,2.0,0.0,0.0,0.0,0.0,0.0,2.0,0.145,0.217,0.265,J.P. Martinez,ATL,Jared Triolo,PIT,2
401695609,team,37.0,7.0,12.0,7.0,0.0,3.0,10.0,,,,aS. HorwitzPH-1B,1.0,0.0,0.0,0.0,0.0,0.0,0.0,0.143,0.143,0.143,,ATL,Spencer Horwitz,TOR,2
401695609,,,,,,,,,,,,team,31.0,1.0,5.0,1.0,0.0,1.0,8.0,,,,,ATL,,TOR,2
401695611,F. LindorSS,3.0,0.0,0.0,0.0,0.0,1.0,1.0,0.279,0.347,0.463,J. DuranLF,4.0,1.0,2.0,1.0,0.0,0.0,0.0,0.268,0.316,0.421,Francisco Lindor,NYM,Jarren Duran,BOS,3
401695611,J. SotoRF,4.0,0.0,1.0,0.0,0.0,0.0,0.0,0.246,0.376,0.439,R. DeversDH,2.0,1.0,0.0,0.0,0.0,2.0,0.0,0.286,0.405,0.511,Juan Soto,NYY,Rafael Devers,BOS,3
401695611,P. Alonso1B,3.0,0.0,1.0,0.0,0.0,1.0,1.0,0.301,0.408,0.557,A. Bregman3B,3.0,0.0,1.0,1.0,0.0,1.0,0.0,0.303,0.386,0.569,Pete Alonso,NYM,Alex Bregman,HOU,3
401695611,B. NimmoLF,4.0,0.0,0.0,0.0,0.0,0.0,1.0,0.22,0.283,0.41,W. AbreuRF,4.0,0.0,1.0,0.0,0.0,0.0,0.0,0.264,0.354,0.522,Brandon Nimmo,NYM,Wilyer Abreu,BOS,3
401695611,M. VientosDH,4.0,0.0,0.0,0.0,0.0,0.0,1.0,0.235,0.296,0.377,T. StorySS,4.0,0.0,1.0,1.0,0.0,0.0,1.0,0.231,0.275,0.341,Mark Vientos,NYM,Trevor Story,BOS,3
401695611,B. Baty3B,3.0,0.0,0.0,0.0,0.0,0.0,1.0,0.217,0.244,0.458,N. Sogard1B,4.0,0.0,0.0,0.0,0.0,0.0,1.0,0.24,0.269,0.28,Brett Baty,NYM,Nick Sogard,BOS,3
401695611,aS. MartePH,1.0,0.0,1.0,0.0,0.0,0.0,0.0,0.211,0.315,0.329,D. Hamilton2B,4.0,0.0,1.0,0.0,0.0,0.0,1.0,0.226,0.262,0.355,Starling Marte,NYM,David Hamilton,BOS,3
401695611,F. AlvarezC,4.0,1.0,2.0,0.0,0.0,0.0,1.0,0.267,0.353,0.35,C. NarvaezC,3.0,1.0,2.0,0.0,0.0,1.0,0.0,0.278,0.346,0.443,Francisco Alvarez,NYM,Carlos Narvaez,NYY,3
401695611,J. McNeil2B,2.0,0.0,1.0,0.0,0.0,1.0,0.0,0.255,0.381,0.471,C. RafaelaCF,4.0,0.0,0.0,0.0,0.0,0.0,2.0,0.24,0.29,0.36,Jeff McNeil,NYM,Ceddanne Rafaela,BOS,3
401695611,T. TaylorCF,3.0,0.0,2.0,1.0,0.0,0.0,1.0,0.244,0.295,0.366,team,32.0,3.0,8.0,3.0,0.0,4.0,5.0,,,,Taylor Ward,LAA,,BOS,3
401695611,team,31.0,1.0,8.0,1.0,0.0,3.0,7.0,,,,,,,,,,,,,,,,LAA,,BOS,3
401695610,J. PenaSS,4.0,0.0,3.0,0.0,0.0,0.0,0.0,0.309,0.362,0.455,Y. DiazDH,4.0,1.0,2.0,0.0,0.0,0.0,0.0,0.249,0.297,0.401,Jeremy Pena,HOU,Yandy Diaz,TBR,4
401695610,I. Paredes3B,4.0,0.0,2.0,0.0,0.0,0.0,0.0,0.265,0.375,0.435,J. CaballeroRF-LF,4.0,0.0,1.0,1.0,0.0,0.0,2.0,0.26,0.333,0.385,Isaac Paredes,CHC,Jose Caballero,TBR,4
401695610,J. Altuve2B,4.0,0.0,0.0,0.0,0.0,0.0,1.0,0.236,0.29,0.337,C. MorelLF,3.0,0.0,0.0,0.0,0.0,0.0,0.0,0.204,0.286,0.336,Jose Altuve,HOU,Christopher Morel,TBR,4
401695610,C. Walker1B,4.0,0.0,0.0,0.0,0.0,0.0,0.0,0.202,0.276,0.347,bJ. LowePH-RF,1.0,0.0,0.0,0.0,0.0,0.0,0.0,0.3,0.333,0.5,Christian Walker,ARI,Josh Lowe,TBR,4
401695610,Y. DiazDH,4.0,0.0,0.0,0.0,0.0,0.0,1.0,0.224,0.247,0.366,J. Caminero3B,4.0,0.0,1.0,0.0,0.0,0.0,2.0,0.235,0.265,0.412,Yandy Diaz,TBR,Junior Caminero,TBR,4
401695610,V. CaratiniC,4.0,1.0,1.0,1.0,1.0,0.0,1.0,0.256,0.348,0.423,B. Lowe2B,4.0,1.0,1.0,0.0,0.0,0.0,0.0,0.218,0.274,0.358,Victor Caratini,HOU,Brandon Lowe,TBR,4
401695610,J. MeyersCF,3.0,2.0,2.0,1.0,1.0,1.0,0.0,0.301,0.368,0.426,D. JansenC,2.0,1.0,1.0,2.0,1.0,1.0,0.0,0.186,0.331,0.299,Jake Meyers,HOU,Danny Jansen,BOS,4
401695610,C. SmithRF,4.0,1.0,2.0,1.0,0.0,0.0,0.0,0.243,0.339,0.378,C. SimpsonPR-CF,0.0,0.0,0.0,0.0,0.0,0.0,0.0,0.301,0.327,0.344,Will Smith,LAD,Ryan Thompson,ARI,4
401695610,C. McCormickLF,3.0,0.0,1.0,1.0,0.0,0.0,0.0,0.235,0.35,0.265,C. Mead1B,4.0,0.0,1.0,0.0,0.0,0.0,1.0,0.175,0.243,0.19,Chas McCormick,HOU,Curtis Mead,TBR,4
401695610,team,34.0,4.0,11.0,4.0,2.0,1.0,3.0,,,,T. WallsSS,4.0,0.0,0.0,0.0,0.0,0.0,1.0,0.191,0.28,0.235,,HOU,Taylor Walls,TBR,4
401695610,,,,,,,,,,,,K. MisnerCF,2.0,0.0,0.0,0.0,0.0,0.0,2.0,0.238,0.284,0.4,,HOU,Kameron Misner,TBR,4
401695610,,,,,,,,,,,,aJ. ArandaPH,1.0,0.0,0.0,0.0,0.0,0.0,1.0,0.309,0.394,0.504,,HOU,Jonathan Aranda,TBR,4
401695610,,,,,,,,,,,,B. RortvedtC,1.0,0.0,0.0,0.0,0.0,0.0,0.0,0.094,0.186,0.113,,HOU,Ben Rortvedt,TBR,4
401695610,,,,,,,,,,,,team,34.0,3.0,7.0,3.0,1.0,1.0,9.0,,,,,HOU,,TBR,4
401695612,J. Holliday2B,5.0,0.0,1.0,0.0,0.0,0.0,2.0,0.273,0.333,0.441,B. Turang2B,4.0,2.0,2.0,2.0,0.0,1.0,2.0,0.293,0.372,0.371,Jackson Holliday,BAL,Brice Turang,MIL,5
401695612,R. Mountcastle1B,4.0,0.0,0.0,0.0,0.0,0.0,2.0,0.226,0.261,0.329,W. ContrerasC,4.0,0.0,4.0,2.0,0.0,1.0,0.0,0.258,0.37,0.371,Ryan Mountcastle,BAL,William Contreras,MIL,5
401695612,G. HendersonSS,3.0,0.0,0.0,0.0,0.0,1.0,1.0,0.253,0.302,0.462,J. ChourioCF,5.0,0.0,0.0,0.0,0.0,0.0,1.0,0.236,0.254,0.419,Gunnar Henderson,BAL,Jackson Chourio,MIL,5
401695612,R. LaureanoRF,4.0,1.0,3.0,1.0,1.0,0.0,0.0,0.272,0.327,0.543,C. YelichDH,4.0,0.0,0.0,0.0,0.0,0.0,1.0,0.194,0.289,0.341,Ramon Laureano,ATL,Christian Yelich,MIL,5
401695612,R. O'HearnDH,3.0,1.0,0.0,0.0,0.0,1.0,2.0,0.294,0.386,0.5,R. Hoskins1B,2.0,1.0,1.0,0.0,0.0,2.0,0.0,0.291,0.4,0.454,Ryan O'Hearn,BAL,Rhys Hoskins,MIL,5
401695612,R. Urias3B,4.0,1.0,1.0,0.0,0.0,0.0,1.0,0.267,0.333,0.372,J. OrtizPR-SS,0.0,0.0,0.0,0.0,0.0,0.0,0.0,0.17,0.223,0.218,Ramon Urias,BAL,Joey Ortiz,MIL,5
401695612,C. MullinsCF,3.0,1.0,1.0,3.0,1.0,1.0,0.0,0.229,0.331,0.471,I. CollinsLF,4.0,1.0,1.0,0.0,0.0,0.0,1.0,0.236,0.321,0.333,Cedric Mullins,BAL,Isaac Collins,MIL,5
401695612,D. CarlsonLF,3.0,0.0,0.0,0.0,0.0,1.0,0.0,0.0,0.095,0.0,S. FrelickRF,4.0,0.0,2.0,0.0,0.0,0.0,0.0,0.279,0.351,0.39,Dylan Carlson,TBR,Sal Frelick,MIL,5
401695612,M. HandleyC,3.0,0.0,0.0,0.0,0.0,0.0,1.0,0.059,0.105,0.059,A. MonasterioSS-1B,3.0,0.0,0.0,0.0,0.0,0.0,2.0,0.0,0.25,0.0,Mitch Haniger,SEA,Andruw Monasterio,MIL,5
401695612,aA. RutschmanPH,1.0,0.0,0.0,0.0,0.0,0.0,0.0,0.208,0.299,0.338,aJ. BauersPH-1B,1.0,0.0,0.0,0.0,0.0,0.0,0.0,0.273,0.36,0.47,Adley Rutschman,BAL,Jake Bauers,MIL,5
401695612,team,33.0,4.0,6.0,4.0,2.0,4.0,9.0,,,,C. Durbin3B,3.0,1.0,1.0,1.0,0.0,1.0,0.0,0.174,0.273,0.244,,BAL,,MIL,5
401695612,,,,,,,,,,,,team,34.0,5.0,11.0,5.0,0.0,5.0,7.0,,,,,BAL,,MIL,5
401695613,S. KwanLF,2.0,0.0,1.0,0.0,0.0,0.0,0.0,0.313,0.375,0.429,R. JeffersC,2.0,1.0,1.0,0.0,0.0,0.0,1.0,0.271,0.347,0.411,Steven Kwan,CLE,Ryan Jeffers,MIN,6
401695613,A. Martinez2B,2.0,1.0,1.0,0.0,0.0,0.0,1.0,0.298,0.327,0.394,B. LeeSS,2.0,0.0,0.0,0.0,0.0,0.0,1.0,0.246,0.287,0.386,Angel Martinez,CLE,Brooks Lee,MIN,6
401695613,J. Ramirez3B,2.0,0.0,0.0,0.0,0.0,0.0,0.0,0.293,0.355,0.512,R. LewisDH,1.0,0.0,0.0,0.0,0.0,1.0,0.0,0.2,0.273,0.3,Jose Ramirez,CLE,Royce Lewis,MIN,6
401695613,K. ManzardoDH,1.0,0.0,1.0,1.0,0.0,0.0,0.0,0.227,0.313,0.504,T. France1B,2.0,0.0,1.0,1.0,0.0,0.0,0.0,0.256,0.319,0.357,Kyle Manzardo,CLE,Ty France,CIN,6
401695613,C. Santana1B,1.0,0.0,0.0,0.0,0.0,0.0,1.0,0.221,0.328,0.318,T. LarnachLF,1.0,0.0,0.0,0.0,0.0,0.0,0.0,0.243,0.323,0.41,Carlos Santana,MIN,Trevor Larnach,MIN,6
401695613,N. JonesCF,1.0,0.0,0.0,0.0,0.0,0.0,0.0,0.179,0.281,0.292,J. Bride3B,1.0,0.0,1.0,0.0,0.0,0.0,0.0,0.314,0.359,0.371,Nolan Jones,COL,Jonah Bride,MIA,6
401695613,G. AriasSS,1.0,0.0,0.0,0.0,0.0,0.0,0.0,0.253,0.311,0.39,C. McCuskerRF,1.0,0.0,0.0,0.0,0.0,0.0,1.0,0.0,0.0,0.0,Gabriel Arias,CLE,Cole Tucker,LAA,6
401695613,B. NaylorC,1.0,0.0,0.0,0.0,0.0,0.0,1.0,0.189,0.293,0.396,H. BaderCF,1.0,1.0,0.0,0.0,0.0,0.0,0.0,0.277,0.363,0.429,Bo Naylor,CLE,Harrison Bader,NYM,6
401695613,W. BrennanRF,1.0,0.0,0.0,0.0,0.0,0.0,0.0,0.0,0.091,0.0,W. Castro2B,1.0,0.0,1.0,1.0,0.0,0.0,0.0,0.242,0.312,0.384,Will Brennan,CLE,Willi Castro,MIN,6
401695613,team,12.0,1.0,3.0,1.0,0.0,0.0,3.0,,,,team,12.0,2.0,4.0,2.0,0.0,1.0,3.0,,,,,CLE,,MIN,6
401695615,J.P. CrawfordSS,3.0,1.0,1.0,0.0,0.0,2.0,1.0,0.271,0.383,0.381,C. MeidrothSS,3.0,1.0,1.0,0.0,0.0,1.0,1.0,0.286,0.375,0.357,J.P. Crawford,SEA,Colt Keith,DET,7
401695615,J. PolancoDH,3.0,0.0,1.0,1.0,0.0,0.0,0.0,0.314,0.359,0.619,M. ThaissC,3.0,0.0,1.0,0.0,0.0,1.0,1.0,0.215,0.376,0.304,Jorge Polanco,SEA,Matt Thaiss,LAA,7
401695615,aM. GarverPH-DH,2.0,1.0,1.0,0.0,0.0,0.0,0.0,0.222,0.356,0.278,M. Vargas3B,4.0,0.0,0.0,0.0,0.0,0.0,0.0,0.239,0.321,0.411,Mitch Garver,SEA,Miguel Vargas,CHW,7
401695615,J. RodriguezCF,4.0,1.0,1.0,4.0,1.0,0.0,0.0,0.235,0.313,0.412,L. Robert Jr.CF,4.0,0.0,1.0,0.0,0.0,0.0,0.0,0.186,0.281,0.308,Julio Rodriguez,SEA,Luis Robert Jr.,CHW,7
401695615,C. RaleighC,4.0,0.0,0.0,0.0,0.0,0.0,1.0,0.241,0.362,0.56,J. PalaciosRF,4.0,0.0,1.0,0.0,0.0,0.0,1.0,0.198,0.301,0.272,Cal Raleigh,SEA,Joshua Palacios,PIT,7
401695615,R. ArozarenaLF,4.0,0.0,0.0,0.0,0.0,0.0,1.0,0.236,0.372,0.414,A. VaughnDH,4.0,0.0,1.0,1.0,0.0,0.0,0.0,0.185,0.215,0.315,Randy Arozarena,SEA,Andrew Vaughn,CHW,7
401695615,R. Tellez1B,3.0,0.0,0.0,0.0,0.0,1.0,1.0,0.196,0.259,0.471,A. SlaterLF,2.0,0.0,0.0,0.0,0.0,0.0,2.0,0.227,0.227,0.455,Rowdy Tellez,PIT,Austin Slater,BAL,7
401695615,L. TaverasRF,4.0,0.0,0.0,0.0,0.0,0.0,0.0,0.139,0.179,0.194,aE. QueroPH,1.0,0.0,0.0,0.0,0.0,0.0,1.0,0.277,0.368,0.313,Leody Taveras,TEX,Elvis Peguero,MIL,7
401695615,D. Moore2B,4.0,0.0,1.0,0.0,0.0,0.0,1.0,0.284,0.342,0.51,M. TaylorLF,1.0,0.0,0.0,0.0,0.0,0.0,1.0,0.196,0.253,0.348,Dylan Moore,SEA,Michael A. Taylor,PIT,7
401695615,B. Williamson3B,4.0,2.0,3.0,0.0,0.0,0.0,0.0,0.248,0.275,0.314,J. Rojas2B,3.0,0.0,0.0,0.0,0.0,0.0,1.0,0.158,0.238,0.158,Luke Williams,ATL,Josh Rojas,SEA,7
401695615,team,35.0,5.0,8.0,5.0,1.0,3.0,5.0,,,,T. Elko1B,3.0,0.0,0.0,0.0,0.0,0.0,0.0,0.167,0.2,0.417,,ATL,J.T. Realmuto,PHI,7
401695615,,,,,,,,,,,,team,32.0,1.0,5.0,1.0,0.0,2.0,8.0,,,,,ATL,,PHI,7
401695614,K. CarpenterRF,4.0,0.0,0.0,0.0,0.0,0.0,2.0,0.284,0.312,0.5,L. NootbaarLF,4.0,2.0,2.0,1.0,0.0,0.0,1.0,0.258,0.364,0.425,Kerry Carpenter,DET,Lars Nootbaar,STL,8
401695614,G. Torres2B,3.0,0.0,0.0,0.0,0.0,1.0,1.0,0.284,0.368,0.44,M. WinnSS,4.0,1.0,2.0,0.0,0.0,0.0,0.0,0.267,0.358,0.427,Gleyber Torres,NYY,Masyn Winn,STL,8
401695614,C. Keith1B,4.0,0.0,0.0,0.0,0.0,0.0,1.0,0.222,0.341,0.359,B. Donovan2B,5.0,2.0,3.0,1.0,0.0,0.0,0.0,0.337,0.392,0.475,Colt Keith,DET,Brendan Donovan,STL,8
401695614,R. GreeneCF,3.0,0.0,1.0,0.0,0.0,0.0,2.0,0.276,0.328,0.508,Y. Pozo1B,0.0,0.0,0.0,0.0,0.0,0.0,0.0,0.348,0.362,0.478,Riley Greene,DET,,STL,8
401695614,J. MalloyLF,1.0,1.0,0.0,0.0,0.0,0.0,0.0,0.203,0.35,0.291,W. Contreras1B,4.0,1.0,1.0,1.0,0.0,0.0,1.0,0.249,0.33,0.401,Justyn-Henry Malloy,DET,William Contreras,MIL,8
401695614,S. TorkelsonDH,3.0,1.0,1.0,0.0,0.0,1.0,1.0,0.246,0.352,0.533,N. Gorman1B-2B,1.0,0.0,0.0,0.0,0.0,0.0,0.0,0.171,0.283,0.276,Spencer Torkelson,DET,Nolan Gorman,STL,8
401695614,Z. McKinstry3B,2.0,0.0,1.0,0.0,0.0,0.0,1.0,0.284,0.368,0.419,I. HerreraDH,5.0,2.0,2.0,2.0,0.0,0.0,0.0,0.426,0.484,0.815,Zach McKinstry,DET,Ivan Herrera,STL,8
401695614,aA. IbanezPH-3B,2.0,1.0,1.0,1.0,0.0,0.0,0.0,0.254,0.329,0.388,N. Arenado3B,4.0,0.0,0.0,1.0,0.0,0.0,0.0,0.241,0.316,0.371,Andy Ibanez,DET,Nolan Arenado,STL,8
401695614,T. SweeneySS,3.0,1.0,1.0,1.0,0.0,0.0,1.0,0.252,0.311,0.364,J. Barrero3B,1.0,0.0,0.0,0.0,0.0,0.0,0.0,0.176,0.222,0.412,Trey Sweeney,DET,Jorge Barrosa,ARI,8
401695614,D. DinglerC,4.0,0.0,2.0,1.0,0.0,0.0,1.0,0.292,0.319,0.462,A. BurlesonRF,2.0,0.0,2.0,0.0,0.0,1.0,0.0,0.285,0.333,0.423,Dillon Dingler,DET,Alec Burleson,STL,8
401695614,A. BaddooLF-CF,4.0,0.0,1.0,1.0,0.0,0.0,2.0,0.2,0.273,0.3,J. WalkerRF,1.0,1.0,1.0,2.0,0.0,0.0,0.0,0.195,0.26,0.286,Akil Baddoo,DET,Jordan Walker,STL,8
401695614,team,33.0,4.0,8.0,4.0,0.0,2.0,12.0,,,,P. PagesC,4.0,1.0,1.0,2.0,1.0,0.0,1.0,0.233,0.268,0.379,,DET,Pedro Pages,STL,8
401695614,,,,,,,,,,,,V. Scott IICF,3.0,1.0,2.0,0.0,0.0,1.0,0.0,0.271,0.344,0.375,,DET,Victor Scott II,STL,8
401695614,,,,,,,,,,,,team,38.0,11.0,16.0,10.0,1.0,2.0,3.0,,,,,DET,,STL,8
401695616,T. TurnerSS,5.0,1.0,3.0,2.0,0.0,0.0,0.0,0.303,0.358,0.4,J. BeckLF,4.0,1.0,1.0,0.0,0.0,0.0,1.0,0.264,0.331,0.568,Trea Turner,PHI,Jordan Beck,COL,9
401695616,B. Harper1B,4.0,0.0,2.0,2.0,0.0,0.0,0.0,0.263,0.376,0.44,E. TovarSS,4.0,1.0,2.0,2.0,1.0,0.0,0.0,0.275,0.31,0.45,Bryce Harper,PHI,Ezequiel Tovar,COL,9
401695616,K. SchwarberDH,4.0,1.0,1.0,1.0,1.0,1.0,2.0,0.257,0.389,0.573,H. GoodmanDH,4.0,0.0,0.0,0.0,0.0,0.0,2.0,0.292,0.344,0.494,Kyle Schwarber,PHI,Hunter Goodman,COL,9
401695616,N. CastellanosRF,5.0,2.0,2.0,0.0,0.0,0.0,1.0,0.282,0.325,0.414,M. Toglia1B,4.0,1.0,1.0,0.0,0.0,0.0,3.0,0.21,0.278,0.377,Nick Castellanos,PHI,Michael Toglia,COL,9
401695616,J.T. RealmutoC,5.0,0.0,0.0,0.0,0.0,0.0,2.0,0.236,0.317,0.382,B. DoyleCF,4.0,0.0,1.0,1.0,0.0,0.0,0.0,0.204,0.253,0.32,J.T. Realmuto,PHI,Brenton Doyle,COL,9
401695616,A. Bohm3B,5.0,1.0,2.0,2.0,1.0,0.0,1.0,0.26,0.302,0.361,R. McMahon3B,4.0,0.0,0.0,0.0,0.0,0.0,2.0,0.201,0.326,0.365,Alec Bohm,PHI,Ryan McMahon,COL,9
401695616,E. Sosa2B,5.0,2.0,4.0,2.0,1.0,0.0,0.0,0.386,0.419,0.526,T. FreemanRF,2.0,0.0,0.0,0.0,0.0,0.0,0.0,0.118,0.304,0.118,Edmundo Sosa,PHI,Tyler Freeman,CLE,9
401695616,W. WilsonLF,2.0,0.0,0.0,0.0,0.0,1.0,1.0,0.25,0.333,0.438,aM. MoniakPH-RF,2.0,0.0,1.0,0.0,0.0,0.0,0.0,0.22,0.27,0.386,Weston Wilson,PHI,Mickey Moniak,LAA,9
401695616,bM. KeplerPH-LF,2.0,0.0,1.0,0.0,0.0,0.0,0.0,0.221,0.304,0.383,A. Amador2B,2.0,0.0,0.0,0.0,0.0,0.0,1.0,0.145,0.244,0.246,Max Kepler,MIN,Adael Amador,COL,9
401695616,J. RojasCF,2.0,0.0,0.0,0.0,0.0,0.0,0.0,0.259,0.319,0.346,J. StallingsC,3.0,0.0,0.0,0.0,0.0,0.0,0.0,0.141,0.228,0.183,Josh Rojas,SEA,Jacob Stallings,COL,9
401695616,aB. MarshPH-CF,3.0,2.0,2.0,0.0,0.0,0.0,0.0,0.205,0.298,0.301,team,33.0,3.0,6.0,3.0,1.0,0.0,9.0,,,,Brandon Marsh,PHI,,COL,9
401695616,team,42.0,9.0,17.0,9.0,3.0,2.0,7.0,,,,,,,,,,,,,,,,PHI,,COL,9
401695619,J. IndiaDH,3.0,0.0,1.0,0.0,0.0,1.0,1.0,0.24,0.333,0.317,H. RamosLF,4.0,0.0,1.0,0.0,0.0,0.0,0.0,0.292,0.358,0.489,Jonathan India,CIN,Heliot Ramos,SFG,10
401695619,C. BiggioPR-DH,0.0,1.0,0.0,0.0,0.0,0.0,0.0,0.177,0.311,0.242,W. FloresDH,4.0,0.0,1.0,0.0,0.0,0.0,1.0,0.257,0.322,0.449,Cavan Biggio,ATL,Wilmer Flores,SFG,10
401695619,B. Witt Jr.SS,4.0,0.0,1.0,0.0,0.0,0.0,0.0,0.302,0.369,0.508,J. LeeCF,4.0,0.0,1.0,1.0,0.0,0.0,1.0,0.276,0.317,0.465,Bobby Witt Jr.,KCR,Jung Hoo Lee,SFG,10
401695619,V. Pasquantino1B,4.0,1.0,2.0,2.0,1.0,0.0,0.0,0.228,0.272,0.392,M. Chapman3B,4.0,0.0,0.0,0.0,0.0,0.0,1.0,0.216,0.337,0.398,Vinnie Pasquantino,KCR,Matt Chapman,SFG,10
401695619,S. PerezC,4.0,0.0,0.0,0.0,0.0,0.0,2.0,0.218,0.254,0.324,W. AdamesSS,3.0,0.0,0.0,0.0,0.0,1.0,1.0,0.219,0.302,0.353,Salvador Perez,KCR,Willy Adames,MIL,10
401695619,M. Garcia3B,4.0,1.0,2.0,0.0,0.0,0.0,2.0,0.306,0.374,0.482,C. Schmitt1B,2.0,0.0,1.0,0.0,0.0,1.0,0.0,0.2,0.259,0.32,Maikel Garcia,KCR,Casey Schmitt,SFG,10
401695619,M. CanhaLF,3.0,0.0,2.0,0.0,0.0,0.0,0.0,0.296,0.371,0.333,aL. Wade Jr.PH,1.0,0.0,1.0,0.0,0.0,0.0,0.0,0.172,0.271,0.287,Mark Canha,SFG,LaMonte Wade Jr.,SFG,10
401695619,D. BlancoPR-LF,0.0,0.0,0.0,0.0,0.0,0.0,0.0,0.333,0.333,0.667,T. Fitzgerald2B,3.0,0.0,0.0,0.0,0.0,1.0,0.0,0.286,0.35,0.429,Dairon Blanco,KCR,Tyler Fitzgerald,SFG,10
401695619,M. Massey2B,4.0,0.0,0.0,0.0,0.0,0.0,1.0,0.199,0.218,0.269,L. MatosRF,3.0,0.0,0.0,0.0,0.0,0.0,0.0,0.154,0.203,0.323,Michael Massey,KCR,Luis Matos,SFG,10
401695619,H. RenfroeRF,3.0,0.0,0.0,0.0,0.0,1.0,1.0,0.173,0.234,0.224,bM. YastrzemskiPH,1.0,0.0,0.0,0.0,0.0,0.0,1.0,0.274,0.376,0.438,Hunter Renfroe,KCR,Mike Yastrzemski,SFG,10
401695619,K. IsbelCF,4.0,0.0,2.0,1.0,0.0,0.0,0.0,0.278,0.286,0.435,S. HuffC,3.0,1.0,1.0,0.0,0.0,0.0,2.0,0.2,0.245,0.289,Kyle Isbel,KCR,Sam Huff,TEX,10
401695619,team,33.0,3.0,10.0,3.0,1.0,2.0,7.0,,,,team,32.0,1.0,6.0,1.0,0.0,3.0,7.0,,,,,KCR,,TEX,10
401764540,Z. NetoSS,4.0,1.0,1.0,0.0,0.0,0.0,1.0,0.282,0.333,0.545,L. ButlerRF,4.0,1.0,1.0,0.0,0.0,1.0,0.0,0.228,0.294,0.389,Zach Neto,LAA,Lawrence Butler,OAK,11
401764540,N. Schanuel1B,4.0,2.0,3.0,1.0,1.0,0.0,0.0,0.277,0.365,0.406,J. WilsonSS,3.0,1.0,2.0,0.0,0.0,1.0,0.0,0.343,0.38,0.481,Nolan Schanuel,LAA,Jacob Wilson,OAK,11
401764540,Y. Moncada3B,3.0,0.0,0.0,1.0,0.0,0.0,1.0,0.215,0.346,0.446,M. SchuemannPR,0.0,0.0,0.0,0.0,0.0,0.0,0.0,0.263,0.349,0.447,Yoan Moncada,CHW,Max Schuemann,OAK,11
401764540,T. WardLF,4.0,1.0,1.0,2.0,1.0,0.0,2.0,0.198,0.246,0.458,T. SoderstromLF,4.0,1.0,1.0,0.0,0.0,0.0,2.0,0.272,0.332,0.489,Taylor Ward,LAA,Tyler Soderstrom,OAK,11
401764540,J. SolerDH,4.0,0.0,0.0,0.0,0.0,0.0,2.0,0.213,0.289,0.375,B. RookerDH,2.0,0.0,1.0,1.0,0.0,2.0,0.0,0.241,0.31,0.445,Jorge Soler,ATL,Brent Rooker,OAK,11
401764540,L. O'HoppeC,4.0,0.0,2.0,0.0,0.0,0.0,1.0,0.259,0.293,0.482,S. LangeliersC,4.0,0.0,1.0,1.0,0.0,0.0,1.0,0.25,0.316,0.442,Logan O'Hoppe,LAA,Shea Langeliers,OAK,11
401764540,M. LugoCF,4.0,0.0,0.0,0.0,0.0,0.0,4.0,0.31,0.333,0.759,N. Kurtz1B,4.0,0.0,0.0,0.0,0.0,0.0,1.0,0.208,0.259,0.299,Marco Luciano,SFG,,OAK,11
401764540,L. Rengifo2B,4.0,0.0,1.0,0.0,0.0,0.0,2.0,0.219,0.258,0.288,L. Urias2B,3.0,0.0,0.0,0.0,0.0,0.0,0.0,0.265,0.342,0.461,Luis Rengifo,LAA,Luis Urias,SEA,11
401764540,J. AdellRF,3.0,0.0,0.0,0.0,0.0,0.0,0.0,0.193,0.244,0.361,J. BledayCF,3.0,0.0,1.0,0.0,0.0,1.0,1.0,0.208,0.298,0.377,Jo Adell,LAA,JJ Bleday,OAK,11
401764540,team,34.0,4.0,8.0,4.0,2.0,0.0,13.0,,,,G. Urshela3B,3.0,0.0,0.0,0.0,0.0,0.0,1.0,0.219,0.265,0.333,,LAA,Gio Urshela,ATL,11
401764540,,,,,,,,,,,,aS. BrownPH,1.0,0.0,0.0,0.0,0.0,0.0,0.0,0.191,0.309,0.298,,LAA,Seth Brown,OAK,11
401764540,,,,,,,,,,,,team,31.0,3.0,7.0,2.0,0.0,5.0,6.0,,,,,LAA,,OAK,11
401695618,K. Marte2B,5.0,1.0,1.0,0.0,0.0,0.0,1.0,0.268,0.381,0.537,S. OhtaniDH,4.0,1.0,1.0,1.0,1.0,0.0,0.0,0.312,0.406,0.672,Ketel Marte,ARI,Shohei Ohtani,LAD,12
401695618,C. CarrollRF,4.0,1.0,1.0,0.0,0.0,1.0,2.0,0.279,0.353,0.592,M. BettsSS,4.0,2.0,2.0,2.0,2.0,0.0,0.0,0.263,0.35,0.444,Corbin Carroll,ARI,Mookie Betts,LAD,12
401695618,L. Gurriel Jr.LF,4.0,2.0,1.0,2.0,1.0,1.0,0.0,0.227,0.271,0.442,F. Freeman1B,4.0,1.0,1.0,0.0,0.0,0.0,0.0,0.368,0.426,0.662,Lourdes Gurriel Jr.,ARI,Freddie Freeman,LAD,12
401695618,E. Suarez3B,5.0,0.0,1.0,1.0,0.0,0.0,2.0,0.215,0.307,0.512,W. SmithC,3.0,0.0,1.0,0.0,0.0,1.0,0.0,0.339,0.45,0.504,Eugenio Suarez,ARI,Will Smith,LAD,12
401695618,J. Naylor1B,5.0,1.0,1.0,1.0,0.0,0.0,0.0,0.299,0.367,0.452,T. HernándezRF,4.0,1.0,0.0,1.0,0.0,0.0,1.0,0.306,0.324,0.582,Josh Naylor,CLE,Teoscar Hernandez,LAD,12
401695618,G. MorenoC,4.0,1.0,1.0,2.0,1.0,0.0,0.0,0.264,0.331,0.364,M. Muncy3B,3.0,0.0,0.0,0.0,0.0,0.0,0.0,0.205,0.326,0.336,Gabriel Moreno,ARI,Max Muncy,LAD,12
401695618,T. TawaCF,4.0,1.0,2.0,0.0,0.0,0.0,0.0,0.241,0.323,0.458,M. ConfortoLF,3.0,0.0,0.0,0.0,0.0,1.0,0.0,0.168,0.304,0.273,,ARI,Michael Conforto,SFG,12
401695618,A. ThomasCF,0.0,0.0,0.0,0.0,0.0,0.0,0.0,0.276,0.323,0.39,T. Edman2B,4.0,0.0,1.0,1.0,0.0,0.0,0.0,0.244,0.285,0.496,Alek Thomas,ARI,Tommy Edman,LAD,12
401695618,P. SmithDH,4.0,1.0,2.0,0.0,0.0,0.0,0.0,0.306,0.425,0.504,H. KimCF,4.0,0.0,0.0,0.0,0.0,0.0,1.0,0.4,0.432,0.514,Pavin Smith,ARI,Ha-Seong Kim,SDP,12
401695618,G. PerdomoSS,2.0,1.0,1.0,3.0,1.0,1.0,0.0,0.302,0.403,0.488,team,33.0,5.0,6.0,5.0,3.0,2.0,2.0,,,,Geraldo Perdomo,ARI,,SDP,12
401695618,team,37.0,9.0,11.0,9.0,3.0,3.0,5.0,,,,,,,,,,,,,,,,ARI,,SDP,12
401570879,I. Kiner-Falefa3B,5.0,0.0,0.0,0.0,0.0,0.0,3.0,0.269,0.306,0.376,J. DominguezLF,4.0,0.0,1.0,0.0,0.0,1.0,1.0,0.189,0.317,0.321,Isiah Kiner-Falefa,PIT,Jasson Dominguez,NYY,13
401570879,B. ReynoldsDH,4.0,0.0,1.0,0.0,0.0,0.0,0.0,0.276,0.344,0.449,J. SotoRF,3.0,0.0,1.0,1.0,0.0,2.0,1.0,0.288,0.419,0.569,Bryan Reynolds,PIT,Juan Soto,NYY,13
401570879,O. CruzCF,4.0,0.0,0.0,0.0,0.0,0.0,3.0,0.26,0.323,0.452,A. JudgeCF,5.0,0.0,0.0,0.0,0.0,0.0,5.0,0.322,0.458,0.701,Oneil Cruz,PIT,Aaron Judge,NYY,13
401570879,N. GonzalesSS,4.0,1.0,1.0,1.0,1.0,0.0,0.0,0.273,0.312,0.403,A. WellsC,3.0,1.0,0.0,0.0,0.0,2.0,0.0,0.229,0.321,0.397,Nick Gonzales,PIT,Austin Wells,NYY,13
401570879,J. PalaciosRF,2.0,2.0,0.0,0.0,0.0,2.0,0.0,0.219,0.324,0.328,G. StantonDH,4.0,0.0,0.0,0.0,0.0,0.0,1.0,0.233,0.298,0.476,Joshua Palacios,PIT,Giancarlo Stanton,NYY,13
401570879,J. Triolo1B,4.0,1.0,1.0,2.0,1.0,0.0,2.0,0.217,0.299,0.317,J. Chisholm Jr.3B,4.0,1.0,2.0,2.0,1.0,0.0,2.0,0.256,0.324,0.436,Jared Triolo,PIT,Jazz Chisholm Jr.,NYY,13
401570879,Y. GrandalC,4.0,3.0,3.0,2.0,1.0,0.0,1.0,0.228,0.304,0.4,A. Rizzo1B,2.0,0.0,1.0,0.0,0.0,0.0,0.0,0.228,0.301,0.335,Yasmani Grandal,PIT,Anthony Rizzo,NYY,13
401570879,N. Yorke2B,4.0,1.0,1.0,2.0,1.0,0.0,2.0,0.229,0.263,0.4,A. VolpeSS,1.0,0.0,0.0,0.0,0.0,0.0,0.0,0.244,0.292,0.365,Nick Yorke,PIT,Anthony Volpe,NYY,13
401570879,B. CookLF,4.0,1.0,1.0,2.0,1.0,0.0,1.0,0.222,0.222,0.444,O. CabreraSS-1B,4.0,1.0,1.0,0.0,0.0,0.0,1.0,0.247,0.296,0.365,Billy Cook,PIT,Oswaldo Cabrera,NYY,13
401570879,team,35.0,9.0,8.0,9.0,5.0,2.0,12.0,,,,J. Berti2B,3.0,1.0,1.0,0.0,0.0,1.0,0.0,0.286,0.348,0.333,,PIT,Jon Berti,NYY,13
401570879,,,,,,,,,,,,team,33.0,4.0,7.0,3.0,1.0,6.0,11.0,,,,,PIT,,NYY,13
401570870,M. Vargas3B,4.0,0.0,0.0,0.0,0.0,0.0,1.0,0.106,0.211,0.174,P. MeadowsCF,3.0,0.0,0.0,0.0,0.0,0.0,2.0,0.241,0.305,0.432,Miguel Vargas,CHW,Parker Meadows,DET,14
401570870,Z. DeLoachRF,3.0,1.0,0.0,0.0,0.0,1.0,0.0,0.206,0.286,0.333,aJ. MalloyPH-LF,1.0,0.0,0.0,0.0,0.0,0.0,1.0,0.203,0.291,0.366,Zach DeLoach,CHW,Justyn-Henry Malloy,DET,14
401570870,A. BenintendiLF,4.0,2.0,2.0,2.0,1.0,0.0,1.0,0.229,0.289,0.396,K. CarpenterRF,2.0,0.0,0.0,0.0,0.0,1.0,1.0,0.286,0.347,0.583,Andrew Benintendi,CHW,Kerry Carpenter,DET,14
401570870,A. Vaughn1B,4.0,0.0,1.0,1.0,0.0,0.0,0.0,0.246,0.298,0.404,A. IbanezSS,1.0,0.0,0.0,0.0,0.0,0.0,0.0,0.242,0.296,0.359,Andrew Vaughn,CHW,Andy Ibanez,DET,14
401570870,L. Sosa2B,4.0,0.0,1.0,0.0,0.0,0.0,0.0,0.248,0.276,0.346,W. PerezLF-CF,3.0,0.0,1.0,0.0,0.0,1.0,1.0,0.239,0.298,0.382,Lenyn Sosa,CHW,Wenceel Perez,DET,14
401570870,B. RamosDH,3.0,1.0,1.0,1.0,1.0,0.0,1.0,0.189,0.235,0.326,R. GreeneDH,4.0,0.0,0.0,0.0,0.0,0.0,1.0,0.263,0.349,0.481,Bryan Ramos,CHW,Riley Greene,DET,14
401570870,D. FletcherCF,4.0,0.0,0.0,0.0,0.0,0.0,0.0,0.205,0.253,0.256,C. Keith2B,4.0,0.0,1.0,0.0,0.0,0.0,1.0,0.261,0.31,0.381,Dominic Fletcher,CHW,Colt Keith,DET,14
401570870,C. RobinsonC,3.0,0.0,0.0,0.0,0.0,1.0,1.0,0.129,0.197,0.129,S. Torkelson1B,3.0,0.0,0.0,0.0,0.0,0.0,2.0,0.218,0.29,0.374,Chuckie Robinson,CHW,Spencer Torkelson,DET,14
401570870,J. AmayaSS,4.0,0.0,0.0,0.0,0.0,0.0,2.0,0.177,0.227,0.194,J. Jung3B,2.0,0.0,0.0,0.0,0.0,1.0,0.0,0.241,0.355,0.304,Jacob Amaya,CHW,Josh Jung,TEX,14
401570870,team,33.0,4.0,5.0,4.0,2.0,2.0,6.0,,,,Z. McKinstrySS-RF,3.0,0.0,0.0,0.0,0.0,0.0,0.0,0.216,0.278,0.338,,CHW,Zach McKinstry,DET,14
401570870,,,,,,,,,,,,D. DinglerC,3.0,0.0,1.0,0.0,0.0,0.0,2.0,0.167,0.195,0.31,,CHW,Dillon Dingler,DET,14
401570870,,,,,,,,,,,,team,29.0,0.0,3.0,0.0,0.0,3.0,11.0,,,,,CHW,,DET,14
401570871,J. India2B,3.0,0.0,0.0,0.0,0.0,1.0,0.0,0.247,0.356,0.392,I. HappLF,5.0,0.0,1.0,0.0,0.0,0.0,0.0,0.244,0.342,0.444,Jonathan India,CIN,Ian Happ,CHC,15
401570871,E. De La CruzSS,4.0,0.0,0.0,0.0,0.0,0.0,1.0,0.259,0.34,0.47,D. SwansonSS,3.0,1.0,1.0,0.0,0.0,1.0,0.0,0.242,0.312,0.39,Elly De La Cruz,CIN,Dansby Swanson,CHC,15
401570871,T. StephensonC,4.0,0.0,1.0,0.0,0.0,0.0,1.0,0.258,0.337,0.445,C. BellingerRF-1B,3.0,0.0,1.0,0.0,0.0,1.0,0.0,0.266,0.325,0.426,Tyler Stephenson,CIN,Cody Bellinger,CHC,15
401570871,S. SteerLF,3.0,0.0,0.0,0.0,0.0,1.0,1.0,0.227,0.321,0.406,S. SuzukiDH,2.0,1.0,2.0,0.0,0.0,2.0,0.0,0.283,0.366,0.484,Spencer Steer,CIN,Seiya Suzuki,CHC,15
401570871,T. FriedlCF,3.0,0.0,1.0,0.0,0.0,0.0,0.0,0.226,0.311,0.384,M. Busch1B,3.0,0.0,0.0,0.0,0.0,0.0,1.0,0.248,0.331,0.44,TJ Friedl,CIN,Michael Busch,CHC,15
401570871,T. France1B,3.0,0.0,0.0,0.0,0.0,0.0,0.0,0.257,0.298,0.4,aI. ParedesPH-3B,1.0,1.0,1.0,1.0,0.0,0.0,0.0,0.227,0.327,0.313,Ty France,CIN,Isaac Paredes,CHC,15
401570871,J. FraleyRF,3.0,0.0,0.0,0.0,0.0,0.0,0.0,0.272,0.325,0.382,N. Hoerner2B,4.0,0.0,0.0,0.0,0.0,0.0,0.0,0.274,0.336,0.374,Jake Fraley,CIN,Nico Hoerner,CHC,15
401570871,S. Espinal3B,3.0,0.0,0.0,0.0,0.0,0.0,0.0,0.246,0.295,0.356,P. Crow-ArmstrongCF,4.0,0.0,1.0,1.0,0.0,0.0,0.0,0.238,0.288,0.388,Santiago Espinal,CIN,Pete Crow-Armstrong,CHC,15
401570871,N. MarteDH,3.0,0.0,1.0,0.0,0.0,0.0,0.0,0.213,0.252,0.307,P. Wisdom3B,3.0,0.0,0.0,0.0,0.0,0.0,0.0,0.171,0.237,0.392,Noelvi Marte,CIN,Patrick Wisdom,CHC,15
401570871,team,29.0,0.0,3.0,0.0,0.0,2.0,3.0,,,,bM. TauchmanPH-RF,0.0,0.0,0.0,1.0,0.0,1.0,0.0,0.249,0.358,0.367,,CIN,Mike Tauchman,CHC,15
401570871,,,,,,,,,,,,M. AmayaC,4.0,0.0,1.0,0.0,0.0,0.0,0.0,0.232,0.288,0.357,,CIN,Miguel Amaya,CHC,15
401570871,,,,,,,,,,,,team,32.0,3.0,8.0,3.0,0.0,5.0,1.0,,,,,CIN,,CHC,15
401570875,X. EdwardsSS,4.0,1.0,1.0,0.0,0.0,1.0,1.0,0.326,0.396,0.421,G. SpringerRF,3.0,0.0,1.0,0.0,0.0,1.0,0.0,0.22,0.303,0.371,Xavier Edwards,MIA,George Springer,TOR,16
401570875,C. Norby3B,5.0,0.0,0.0,0.0,0.0,0.0,2.0,0.254,0.323,0.458,N. LukesLF,4.0,1.0,1.0,1.0,1.0,0.0,1.0,0.303,0.371,0.447,Connor Norby,MIA,Nathan Lukes,TOR,16
401570875,J. Burger1B,5.0,1.0,1.0,0.0,0.0,0.0,0.0,0.25,0.301,0.461,V. Guerrero Jr.DH,4.0,0.0,0.0,0.0,0.0,0.0,1.0,0.324,0.395,0.546,Jake Burger,MIA,Vladimir Guerrero Jr.,TOR,16
401570875,J. SánchezRF,3.0,3.0,2.0,0.0,0.0,1.0,0.0,0.254,0.316,0.421,S. Horwitz1B,4.0,0.0,1.0,0.0,0.0,0.0,0.0,0.268,0.358,0.437,Juan Soto,NYY,Spencer Horwitz,TOR,16
401570875,J. BrideDH,4.0,0.0,1.0,1.0,0.0,0.0,1.0,0.271,0.351,0.459,A. KirkC,3.0,0.0,0.0,0.0,0.0,1.0,0.0,0.253,0.319,0.359,Jonah Bride,MIA,Alejandro Kirk,TOR,16
401570875,G. ConineLF,4.0,2.0,3.0,1.0,0.0,0.0,0.0,0.282,0.341,0.474,E. ClementSS,3.0,0.0,1.0,0.0,0.0,0.0,0.0,0.265,0.287,0.412,Griffin Conine,MIA,Ernie Clement,TOR,16
401570875,D. MyersCF,4.0,1.0,2.0,5.0,1.0,0.0,2.0,0.264,0.337,0.451,A. Barger3B,3.0,0.0,0.0,0.0,0.0,0.0,0.0,0.198,0.251,0.353,Dane Myers,MIA,Addison Barger,TOR,16
401570875,J. Sanoja2B,4.0,0.0,0.0,0.0,0.0,0.0,1.0,0.229,0.25,0.286,D. Schneider2B,3.0,0.0,0.0,0.0,0.0,0.0,1.0,0.193,0.282,0.345,Javier Sanoja,MIA,Davis Schneider,TOR,16
401570875,J. PeredaC,4.0,0.0,1.0,1.0,0.0,0.0,1.0,0.231,0.25,0.231,J. LoperfidoCF,3.0,0.0,0.0,0.0,0.0,0.0,2.0,0.203,0.243,0.353,Jhonny Pereda,MIA,Joey Loperfido,TOR,16
401570875,team,37.0,8.0,11.0,8.0,1.0,2.0,8.0,,,,team,30.0,1.0,4.0,1.0,1.0,2.0,5.0,,,,,MIA,,TOR,16
401570878,K. SchwarberDH,3.0,0.0,0.0,0.0,0.0,1.0,1.0,0.248,0.365,0.487,L. Garcia Jr.2B,4.0,1.0,1.0,0.0,0.0,0.0,2.0,0.281,0.317,0.438,Kyle Schwarber,PHI,Luis Garcia Jr.,WSN,17
401570878,T. TurnerSS,4.0,1.0,1.0,2.0,1.0,0.0,2.0,0.293,0.336,0.469,J. WoodLF,4.0,2.0,2.0,2.0,1.0,0.0,2.0,0.269,0.36,0.434,Trea Turner,PHI,James Wood,WSN,17
401570878,B. Harper1B,4.0,0.0,1.0,0.0,0.0,0.0,3.0,0.285,0.373,0.525,K. RuizC,4.0,1.0,2.0,1.0,0.0,0.0,1.0,0.229,0.26,0.359,Bryce Harper,PHI,Keibert Ruiz,WSN,17
401570878,N. CastellanosRF,4.0,1.0,1.0,0.0,0.0,0.0,2.0,0.254,0.31,0.431,J. Tena3B,4.0,0.0,0.0,0.0,0.0,0.0,3.0,0.281,0.313,0.373,Nick Castellanos,PHI,Jose Tena,WSN,17
401570878,A. Bohm3B,4.0,0.0,0.0,1.0,0.0,0.0,0.0,0.28,0.332,0.449,J. YepezDH,4.0,0.0,0.0,0.0,0.0,0.0,4.0,0.285,0.337,0.434,Alec Bohm,PHI,Juan Yepez,WSN,17
401570878,J.T. RealmutoC,3.0,0.0,1.0,0.0,0.0,1.0,2.0,0.266,0.322,0.429,D. CrewsRF,3.0,1.0,2.0,0.0,0.0,1.0,0.0,0.198,0.266,0.319,J.T. Realmuto,PHI,Dylan Crews,WSN,17
401570878,B. Stott2B,4.0,0.0,0.0,0.0,0.0,0.0,1.0,0.245,0.316,0.357,J. Gallo1B,3.0,1.0,1.0,3.0,1.0,1.0,0.0,0.164,0.28,0.341,Bryson Stott,PHI,Joey Gallo,WSN,17
401570878,W. WilsonLF-CF,3.0,0.0,1.0,0.0,0.0,0.0,1.0,0.282,0.347,0.482,J. YoungCF,3.0,0.0,0.0,0.0,0.0,1.0,1.0,0.256,0.315,0.331,Weston Wilson,PHI,Jacob Young,WSN,17
401570878,B. MarshCF,2.0,0.0,0.0,0.0,0.0,0.0,0.0,0.251,0.331,0.423,N. NunezSS,3.0,0.0,1.0,0.0,0.0,0.0,1.0,0.241,0.371,0.259,Brandon Marsh,PHI,Nasim Nunez,WSN,17
401570878,aE. SosaPH,0.0,1.0,0.0,0.0,0.0,0.0,0.0,0.257,0.313,0.424,team,32.0,6.0,9.0,6.0,2.0,3.0,14.0,,,,Edmundo Sosa,PHI,,WSN,17
401570878,K. ClemensLF,0.0,0.0,0.0,0.0,0.0,0.0,0.0,0.214,0.241,0.446,,,,,,,,,,,,Kody Clemens,PHI,,WSN,17
401570878,team,31.0,3.0,5.0,3.0,1.0,2.0,12.0,,,,,,,,,,,,,,,,PHI,,WSN,17
401570881,M. WinnSS,5.0,2.0,1.0,0.0,0.0,1.0,0.0,0.267,0.314,0.416,M. CanhaLF,1.0,1.0,1.0,0.0,0.0,0.0,0.0,0.288,0.376,0.329,Masyn Winn,STL,Mark Canha,SFG,18
401570881,A. BurlesonDH,4.0,1.0,2.0,0.0,0.0,1.0,0.0,0.267,0.312,0.42,aM. YastrzemskiPH-RF,3.0,0.0,0.0,0.0,0.0,0.0,0.0,0.232,0.304,0.439,Alec Burleson,STL,Mike Yastrzemski,SFG,18
401570881,P. Goldschmidt1B,4.0,1.0,3.0,2.0,0.0,0.0,0.0,0.246,0.302,0.415,H. RamosRF-LF,4.0,1.0,1.0,0.0,0.0,0.0,0.0,0.269,0.322,0.469,Paul Goldschmidt,STL,Heliot Ramos,SFG,18
401570881,B. Donovan2B,5.0,1.0,3.0,2.0,0.0,0.0,0.0,0.276,0.338,0.411,L. Wade Jr.1B,4.0,0.0,1.0,1.0,0.0,0.0,1.0,0.261,0.382,0.383,Brendan Donovan,STL,LaMonte Wade Jr.,SFG,18
401570881,L. NootbaarLF,3.0,0.0,0.0,0.0,0.0,2.0,1.0,0.247,0.345,0.422,M. Chapman3B,4.0,2.0,2.0,0.0,0.0,0.0,1.0,0.247,0.328,0.463,Lars Nootbaar,STL,Matt Chapman,SFG,18
401570881,J. WalkerRF,5.0,0.0,1.0,1.0,0.0,0.0,2.0,0.2,0.253,0.369,J. EncarnacionDH,4.0,0.0,1.0,0.0,0.0,0.0,0.0,0.257,0.287,0.44,Jordan Walker,STL,Jerar Encarnacion,SFG,18
401570881,T. Saggese3B,5.0,0.0,1.0,0.0,0.0,0.0,1.0,0.217,0.25,0.326,P. BaileyC,3.0,1.0,1.0,2.0,0.0,0.0,1.0,0.234,0.298,0.339,Thomas Saggese,STL,Patrick Bailey,SFG,18
401570881,P. PagesC,4.0,0.0,2.0,0.0,0.0,1.0,1.0,0.241,0.282,0.382,T. FitzgeraldSS,3.0,1.0,1.0,0.0,0.0,1.0,1.0,0.284,0.338,0.503,Pedro Pages,STL,Tyler Fitzgerald,SFG,18
401570881,M. SianiCF,3.0,0.0,0.0,0.0,0.0,1.0,3.0,0.23,0.284,0.287,C. Schmitt2B,2.0,0.0,1.0,1.0,0.0,0.0,0.0,0.24,0.273,0.462,Michael Siani,STL,Casey Schmitt,SFG,18
401570881,aM. CarpenterPH,1.0,0.0,0.0,0.0,0.0,0.0,1.0,0.228,0.31,0.368,bB. WiselyPH-2B,1.0,0.0,1.0,0.0,0.0,1.0,0.0,0.237,0.277,0.345,Matt Carpenter,STL,Brett Wisely,SFG,18
401570881,team,39.0,5.0,13.0,5.0,0.0,6.0,9.0,,,,G. McCrayCF,4.0,0.0,1.0,0.0,0.0,0.0,3.0,0.198,0.236,0.38,,STL,Grant McCray,SFG,18
401570881,,,,,,,,,,,,team,33.0,6.0,11.0,4.0,0.0,2.0,7.0,,,,,STL,,SFG,18
401570882,Y. DiazDH,3.0,2.0,1.0,0.0,0.0,2.0,1.0,0.281,0.341,0.414,J. DuranCF,3.0,1.0,0.0,0.0,0.0,0.0,0.0,0.285,0.342,0.493,Yandy Diaz,TBR,Jarren Duran,BOS,19
401570882,B. Lowe2B,5.0,2.0,3.0,0.0,0.0,0.0,1.0,0.244,0.311,0.473,T. StorySS,3.0,0.0,2.0,0.0,0.0,1.0,1.0,0.255,0.34,0.394,Brandon Lowe,TBR,Trevor Story,BOS,19
401570882,J. Caminero3B,5.0,2.0,3.0,3.0,1.0,0.0,0.0,0.255,0.306,0.435,T. Casas1B,4.0,1.0,1.0,1.0,1.0,0.0,1.0,0.24,0.339,0.466,Junior Caminero,TBR,Triston Casas,BOS,19
401570882,J. Aranda1B,4.0,1.0,1.0,1.0,0.0,1.0,1.0,0.24,0.309,0.44,T. O'NeillLF,3.0,0.0,1.0,0.0,0.0,0.0,2.0,0.241,0.336,0.511,Jonathan Aranda,TBR,Tyler O'Neill,BOS,19
401570882,C. MorelLF,5.0,0.0,1.0,1.0,0.0,0.0,0.0,0.183,0.253,0.284,M. GasperDH,4.0,0.0,0.0,0.0,0.0,0.0,2.0,0.0,0.2,0.0,Christopher Morel,TBR,Mickey Gasper,BOS,19
401570882,J. LoweRF,4.0,0.0,1.0,2.0,0.0,1.0,3.0,0.241,0.303,0.393,R. Gonzalez3B,4.0,0.0,0.0,0.0,0.0,0.0,1.0,0.266,0.306,0.417,Josh Lowe,TBR,Romy Gonzalez,BOS,19
401570882,J. SiriCF,4.0,0.0,0.0,0.0,0.0,0.0,2.0,0.187,0.255,0.366,W. AbreuRF,4.0,0.0,1.0,0.0,0.0,0.0,0.0,0.255,0.323,0.462,Jose Siri,TBR,Wilyer Abreu,BOS,19
401570882,B. RortvedtC,3.0,0.0,0.0,0.0,0.0,0.0,1.0,0.228,0.317,0.303,D. JansenC,3.0,0.0,0.0,0.0,0.0,0.0,0.0,0.188,0.323,0.3,Ben Rortvedt,TBR,Danny Jansen,BOS,19
401570882,T. WallsSS,4.0,0.0,0.0,0.0,0.0,0.0,1.0,0.183,0.282,0.248,V. Grissom2B,3.0,0.0,0.0,0.0,0.0,0.0,2.0,0.186,0.236,0.206,Taylor Walls,TBR,Vaughn Grissom,BOS,19
401570882,team,37.0,7.0,10.0,7.0,1.0,4.0,10.0,,,,team,31.0,2.0,5.0,1.0,1.0,1.0,9.0,,,,,TBR,,BOS,19
401570872,J. PenaSS,5.0,0.0,0.0,0.0,0.0,0.0,2.0,0.266,0.308,0.394,W. BrennanLF,4.0,2.0,3.0,0.0,0.0,0.0,0.0,0.264,0.309,0.388,Jeremy Pena,HOU,Will Brennan,CLE,20
401570872,K. TuckerRF,5.0,1.0,2.0,0.0,0.0,0.0,0.0,0.289,0.408,0.585,K. Manzardo1B,4.0,0.0,0.0,0.0,0.0,0.0,2.0,0.234,0.282,0.421,Kyle Tucker,HOU,Kyle Manzardo,CLE,20
401570872,V. CaratiniC,4.0,1.0,1.0,0.0,0.0,1.0,2.0,0.269,0.336,0.408,J. Ramirez3B,3.0,1.0,2.0,3.0,1.0,0.0,0.0,0.279,0.335,0.537,Victor Caratini,HOU,Jose Ramirez,CLE,20
401570872,J. Singleton1B,3.0,0.0,0.0,1.0,0.0,2.0,1.0,0.234,0.321,0.386,J. NaylorDH,4.0,0.0,2.0,0.0,0.0,0.0,0.0,0.243,0.32,0.456,Jon Singleton,HOU,Josh Naylor,CLE,20
401570872,Z. DezenzoDH,5.0,0.0,2.0,1.0,0.0,0.0,1.0,0.242,0.277,0.371,L. ThomasCF,4.0,0.0,0.0,0.0,0.0,0.0,0.0,0.209,0.267,0.39,Zach Dezenzo,HOU,Lane Thomas,CLE,20
401570872,J. HeywardLF,4.0,0.0,1.0,0.0,0.0,1.0,1.0,0.218,0.283,0.473,A. Gimenez2B,4.0,0.0,1.0,0.0,0.0,0.0,1.0,0.252,0.298,0.34,Jason Heyward,HOU,Andres Gimenez,CLE,20
401570872,M. Dubon2B,4.0,0.0,2.0,0.0,0.0,0.0,0.0,0.269,0.296,0.361,B. NaylorC,4.0,0.0,0.0,0.0,0.0,0.0,2.0,0.201,0.264,0.35,Mauricio Dubon,HOU,Bo Naylor,CLE,20
401570872,J. MeyersCF,4.0,1.0,1.0,0.0,0.0,0.0,0.0,0.219,0.286,0.36,J. NoelRF,4.0,0.0,1.0,0.0,0.0,0.0,1.0,0.218,0.288,0.486,Jake Meyers,HOU,Jhonkensy Noel,CLE,20
401570872,G. Kessinger3B,2.0,1.0,0.0,0.0,0.0,1.0,1.0,0.0,0.16,0.0,B. RocchioSS,4.0,0.0,0.0,0.0,0.0,0.0,3.0,0.206,0.298,0.316,Grae Kessinger,HOU,Brayan Rocchio,CLE,20
401570872,team,36.0,4.0,9.0,2.0,0.0,5.0,8.0,,,,team,35.0,3.0,9.0,3.0,1.0,0.0,9.0,,,,,HOU,,CLE,20
401570869,J. HollidaySS,4.0,1.0,3.0,0.0,0.0,2.0,0.0,0.185,0.248,0.307,E. Julien2B,3.0,0.0,0.0,0.0,0.0,1.0,1.0,0.202,0.296,0.328,Jackson Holliday,BAL,Edouard Julien,MIN,21
401570869,A. RutschmanC,6.0,1.0,2.0,2.0,0.0,0.0,0.0,0.252,0.32,0.393,A. MartinCF,4.0,0.0,0.0,0.0,0.0,0.0,1.0,0.249,0.315,0.345,Adley Rutschman,BAL,Austin Martin,MIN,21
401570869,A. SantanderRF,5.0,0.0,0.0,0.0,0.0,0.0,1.0,0.235,0.308,0.506,B. LeeSS,4.0,0.0,2.0,0.0,0.0,0.0,0.0,0.22,0.265,0.321,Anthony Santander,BAL,Brooks Lee,MIN,21
401570869,R. O'Hearn1B,5.0,1.0,2.0,2.0,1.0,0.0,2.0,0.261,0.33,0.424,R. LewisDH,3.0,0.0,0.0,0.0,0.0,0.0,1.0,0.236,0.299,0.458,Ryan O'Hearn,BAL,Royce Lewis,MIN,21
401570869,R. MountcastleDH,4.0,0.0,1.0,1.0,0.0,0.0,2.0,0.271,0.308,0.426,D. Keirsey Jr.LF,1.0,0.0,0.0,0.0,0.0,0.0,0.0,0.091,0.167,0.091,Ryan Mountcastle,BAL,DaShawn Keirsey Jr.,MIN,21
401570869,H. KjerstadLF,5.0,0.0,1.0,0.0,0.0,0.0,3.0,0.245,0.345,0.357,C. Santana1B,3.0,1.0,2.0,0.0,0.0,1.0,0.0,0.237,0.325,0.414,Heston Kjerstad,BAL,Carlos Santana,MIN,21
401570869,R. Urias2B,5.0,2.0,2.0,0.0,0.0,0.0,0.0,0.256,0.324,0.426,W. CastroLF,3.0,0.0,1.0,0.0,0.0,0.0,0.0,0.247,0.331,0.385,Ramon Urias,BAL,Willi Castro,MIN,21
401570869,E. Rivera3B,4.0,3.0,4.0,4.0,2.0,1.0,0.0,0.323,0.38,0.597,M. Helman3B,1.0,0.0,0.0,0.0,0.0,0.0,0.0,0.333,0.333,0.556,Emmanuel Rivera,BAL,Michael Helman,MIN,21
401570869,A. SlaterCF,4.0,1.0,1.0,0.0,0.0,1.0,2.0,0.25,0.346,0.338,R. JeffersC,4.0,1.0,2.0,2.0,1.0,0.0,0.0,0.226,0.3,0.432,Austin Slater,BAL,Ryan Jeffers,MIN,21
401570869,team,42.0,9.0,16.0,9.0,3.0,4.0,10.0,,,,K. Farmer3B-P,4.0,0.0,0.0,0.0,0.0,0.0,2.0,0.218,0.298,0.36,,BAL,Kyle Farmer,MIN,21
401570869,,,,,,,,,,,,M. MargotRF,3.0,0.0,0.0,0.0,0.0,0.0,1.0,0.235,0.287,0.334,,BAL,Manuel Margot,MIN,21
401570869,,,,,,,,,,,,team,33.0,2.0,7.0,2.0,1.0,2.0,6.0,,,,,BAL,,MIN,21
401570876,F. LindorDH,4.0,0.0,0.0,0.0,0.0,0.0,2.0,0.271,0.342,0.491,J. ChourioRF-LF,5.0,0.0,2.0,0.0,0.0,0.0,2.0,0.275,0.327,0.466,Francisco Lindor,NYM,Jackson Chourio,MIL,22
401570876,J. Iglesias2B,3.0,0.0,1.0,0.0,0.0,1.0,1.0,0.34,0.386,0.457,G. MitchellCF-RF,3.0,1.0,1.0,0.0,0.0,0.0,2.0,0.256,0.344,0.472,Jose Iglesias,NYM,Garrett Mitchell,MIL,22
401570876,M. Vientos3B,4.0,0.0,0.0,0.0,0.0,0.0,3.0,0.267,0.324,0.521,W. ContrerasC,3.0,1.0,0.0,0.0,0.0,1.0,2.0,0.281,0.365,0.466,Mark Vientos,NYM,William Contreras,MIL,22
401570876,B. NimmoLF,4.0,0.0,0.0,0.0,0.0,0.0,1.0,0.224,0.329,0.398,W. AdamesSS,4.0,2.0,2.0,1.0,0.0,0.0,1.0,0.252,0.331,0.464,Brandon Nimmo,NYM,Willy Adames,MIL,22
401570876,P. Alonso1B,3.0,0.0,0.0,0.0,0.0,0.0,1.0,0.241,0.33,0.464,R. Hoskins1B,3.0,1.0,0.0,0.0,0.0,1.0,2.0,0.214,0.303,0.419,Pete Alonso,NYM,Rhys Hoskins,MIL,22
401570876,S. MarteRF,3.0,0.0,1.0,0.0,0.0,0.0,0.0,0.267,0.323,0.389,G. SanchezDH,2.0,0.0,0.0,0.0,0.0,0.0,2.0,0.218,0.303,0.391,Starling Marte,NYM,Gary Sanchez,MIL,22
401570876,L. TorrensC,2.0,0.0,0.0,0.0,0.0,0.0,0.0,0.235,0.299,0.383,aJ. BauersPH-DH,2.0,1.0,1.0,0.0,0.0,0.0,1.0,0.201,0.301,0.365,Luis Torrens,NYM,Jake Bauers,MIL,22
401570876,aT. TaylorPH-CF,1.0,0.0,0.0,0.0,0.0,0.0,0.0,0.247,0.3,0.403,I. CollinsLF,3.0,0.0,1.0,0.0,0.0,1.0,2.0,0.154,0.267,0.154,Taylor Ward,LAA,Isaac Collins,MIL,22
401570876,H. BaderCF,2.0,0.0,0.0,0.0,0.0,0.0,1.0,0.24,0.288,0.379,B. PerkinsCF,0.0,0.0,0.0,0.0,0.0,0.0,0.0,0.241,0.316,0.333,Harrison Bader,NYM,Blake Perkins,MIL,22
401570876,bF. AlvarezPH-C,1.0,0.0,0.0,0.0,0.0,0.0,1.0,0.233,0.305,0.399,J. Ortiz3B,3.0,0.0,1.0,3.0,0.0,1.0,2.0,0.24,0.331,0.4,Francisco Alvarez,NYM,Joey Ortiz,MIL,22
401570876,L. AcunaSS,3.0,0.0,0.0,0.0,0.0,0.0,1.0,0.343,0.361,0.714,A. Monasterio2B,4.0,0.0,1.0,2.0,0.0,0.0,2.0,0.21,0.305,0.274,Luisangel Acuna,NYM,Andruw Monasterio,MIL,22
401570876,team,30.0,0.0,2.0,0.0,0.0,1.0,11.0,,,,team,32.0,6.0,9.0,6.0,0.0,4.0,18.0,,,,,NYM,,MIL,22
401570873,A. Frazier2B-1B,4.0,0.0,0.0,0.0,0.0,0.0,2.0,0.202,0.282,0.294,M. Harris IICF,3.0,0.0,0.0,0.0,0.0,1.0,1.0,0.262,0.303,0.422,Adam Frazier,KCR,Michael Harris II,ATL,23
401570873,M. GarciaSS,3.0,0.0,0.0,0.0,0.0,1.0,1.0,0.232,0.281,0.333,O. Albies2B,3.0,0.0,0.0,0.0,0.0,1.0,0.0,0.251,0.302,0.398,Maikel Garcia,KCR,Ozzie Albies,ATL,23
401570873,S. PerezDH,4.0,0.0,1.0,0.0,0.0,0.0,1.0,0.271,0.33,0.456,M. OzunaDH,3.0,0.0,0.0,0.0,0.0,1.0,2.0,0.306,0.383,0.556,Salvador Perez,KCR,Marcell Ozuna,ATL,23
401570873,M. MelendezLF,4.0,0.0,0.0,0.0,0.0,0.0,3.0,0.208,0.274,0.403,M. Olson1B,4.0,0.0,2.0,0.0,0.0,0.0,1.0,0.247,0.333,0.461,MJ Melendez,KCR,Matt Olson,ATL,23
401570873,P. DeJong3B,3.0,0.0,0.0,0.0,0.0,0.0,2.0,0.227,0.276,0.427,J. SolerRF,3.0,1.0,1.0,0.0,0.0,1.0,1.0,0.241,0.338,0.441,Paul DeJong,KCR,Jorge Soler,ATL,23
401570873,R. GrossmanRF,3.0,0.0,0.0,0.0,0.0,0.0,2.0,0.212,0.322,0.293,R. LaureanoLF,4.0,0.0,0.0,0.0,0.0,0.0,3.0,0.255,0.307,0.431,Robbie Grossman,KCR,Ramon Laureano,ATL,23
401570873,F. FerminC,3.0,1.0,1.0,0.0,0.0,0.0,1.0,0.271,0.319,0.366,T. d'ArnaudC,4.0,1.0,1.0,1.0,1.0,0.0,2.0,0.236,0.301,0.439,Freddy Fermin,KCR,Travis d'Arnaud,ATL,23
401570873,G. Hampson1B-CF,2.0,0.0,1.0,0.0,0.0,1.0,1.0,0.23,0.275,0.3,G. Urshela3B,3.0,0.0,0.0,0.0,0.0,0.0,1.0,0.247,0.283,0.354,Garrett Hampson,KCR,Gio Urshela,ATL,23
401570873,D. BlancoCF,2.0,0.0,0.0,0.0,0.0,0.0,0.0,0.258,0.308,0.392,O. ArciaSS,3.0,0.0,1.0,0.0,0.0,0.0,1.0,0.219,0.27,0.357,Dairon Blanco,KCR,Orlando Arcia,ATL,23
401570873,aM. MasseyPH-2B,0.0,0.0,0.0,0.0,0.0,1.0,0.0,0.259,0.294,0.442,team,30.0,2.0,5.0,1.0,1.0,4.0,12.0,,,,Michael Massey,KCR,,ATL,23
401570873,team,28.0,1.0,3.0,0.0,0.0,3.0,13.0,,,,,,,,,,,,,,,,KCR,,ATL,23
401570874,S. OhtaniDH,5.0,1.0,2.0,0.0,0.0,1.0,0.0,0.31,0.391,0.649,C. BlackmonDH,4.0,1.0,1.0,0.0,0.0,0.0,2.0,0.255,0.328,0.412,Shohei Ohtani,LAD,Charlie Blackmon,COL,24
401570874,M. BettsRF,3.0,1.0,1.0,0.0,0.0,0.0,0.0,0.29,0.374,0.493,E. TovarSS,4.0,1.0,3.0,1.0,1.0,0.0,0.0,0.27,0.296,0.472,Mookie Betts,LAD,Ezequiel Tovar,COL,24
401570874,C. TaylorCF,3.0,1.0,3.0,1.0,0.0,0.0,0.0,0.199,0.293,0.284,R. McMahon3B,2.0,0.0,0.0,1.0,0.0,0.0,1.0,0.243,0.327,0.4,Chris Taylor,LAD,Ryan McMahon,COL,24
401570874,G. Lux2B,5.0,3.0,3.0,1.0,0.0,1.0,1.0,0.251,0.32,0.383,aJ. BeckPH,1.0,0.0,0.0,0.0,0.0,0.0,0.0,0.19,0.247,0.28,Gavin Lux,LAD,Jordan Beck,COL,24
401570874,T. HernándezLF,5.0,1.0,1.0,3.0,1.0,0.0,2.0,0.27,0.338,0.501,M. Toglia1B,2.0,0.0,0.0,0.0,0.0,2.0,1.0,0.218,0.311,0.458,Teoscar Hernandez,LAD,Michael Toglia,COL,24
401570874,M. Muncy3B,4.0,0.0,2.0,2.0,0.0,2.0,1.0,0.236,0.363,0.502,N. JonesLF,4.0,0.0,2.0,0.0,0.0,0.0,1.0,0.225,0.318,0.32,Max Muncy,LAD,Nolan Jones,COL,24
401570874,W. SmithC,5.0,2.0,2.0,1.0,0.0,1.0,1.0,0.248,0.327,0.433,S. HilliardCF,2.0,0.0,0.0,0.0,0.0,0.0,1.0,0.237,0.3,0.489,Will Smith,LAD,Sam Hilliard,COL,24
401570874,T. EdmanSS,3.0,1.0,0.0,0.0,0.0,2.0,1.0,0.244,0.302,0.43,J. CaveRF,3.0,0.0,0.0,0.0,0.0,0.0,1.0,0.251,0.29,0.395,Tommy Edman,LAD,Jake Cave,COL,24
401570874,E. Hernández1B,5.0,2.0,3.0,3.0,1.0,1.0,0.0,0.232,0.284,0.377,A. Schunk2B,3.0,0.0,0.0,0.0,0.0,0.0,2.0,0.244,0.277,0.344,Ryan O'Hearn,BAL,Aaron Schunk,COL,24
401570874,K. KiermaierCF,2.0,0.0,1.0,1.0,0.0,0.0,0.0,0.197,0.237,0.313,H. GoodmanC,2.0,0.0,0.0,0.0,0.0,0.0,0.0,0.19,0.228,0.417,Kevin Kiermaier,LAD,Hunter Goodman,COL,24
401570874,A. PagesCF-RF,2.0,1.0,0.0,0.0,0.0,1.0,2.0,0.25,0.308,0.41,D. RomoC,1.0,0.0,0.0,0.0,0.0,0.0,1.0,0.167,0.2,0.229,Andy Pages,LAD,Drew Romo,COL,24
401570874,team,42.0,13.0,18.0,12.0,2.0,9.0,8.0,,,,team,28.0,2.0,6.0,2.0,1.0,2.0,10.0,,,,,LAD,,COL,24
401570880,J. ProfarDH,4.0,1.0,1.0,0.0,0.0,1.0,1.0,0.28,0.38,0.459,C. CarrollRF,4.0,0.0,1.0,0.0,0.0,0.0,0.0,0.232,0.322,0.431,Jurickson Profar,SDP,Corbin Carroll,ARI,25
401570880,D. Solano1B,5.0,1.0,4.0,2.0,1.0,0.0,0.0,0.287,0.344,0.418,K. Marte2B,3.0,0.0,0.0,0.0,0.0,0.0,0.0,0.291,0.372,0.555,Donovan Solano,SDP,Ketel Marte,ARI,25
401570880,M. Machado3B,5.0,0.0,0.0,0.0,0.0,0.0,1.0,0.275,0.325,0.472,J. PedersonDH,2.0,0.0,0.0,0.0,0.0,0.0,1.0,0.275,0.393,0.515,Manny Machado,SDP,Joc Pederson,ARI,25
401570880,X. BogaertsSS,4.0,0.0,2.0,0.0,0.0,0.0,0.0,0.264,0.307,0.381,aR. GrichukPH-DH,1.0,0.0,0.0,0.0,0.0,0.0,0.0,0.289,0.347,0.518,Xander Bogaerts,SDP,Randal Grichuk,ARI,25
401570880,N. Ahmed2B,4.0,0.0,0.0,0.0,0.0,0.0,1.0,0.0,0.0,0.0,C. Walker1B,3.0,0.0,1.0,0.0,0.0,0.0,1.0,0.25,0.333,0.466,Nick Ahmed,SDP,Christian Walker,ARI,25
401570880,D. PeraltaLF,3.0,1.0,1.0,0.0,0.0,1.0,2.0,0.272,0.34,0.422,L. Gurriel Jr.LF,4.0,0.0,0.0,0.0,0.0,0.0,1.0,0.276,0.319,0.429,David Peralta,SDP,Lourdes Gurriel Jr.,ARI,25
401570880,K. HigashiokaC,4.0,1.0,1.0,2.0,1.0,0.0,1.0,0.22,0.263,0.476,J. McCarthyCF,3.0,0.0,0.0,0.0,0.0,0.0,0.0,0.281,0.346,0.396,Kyle Higashioka,SDP,Jake McCarthy,ARI,25
401570880,B. LockridgeCF,4.0,1.0,1.0,1.0,1.0,0.0,1.0,0.222,0.222,0.556,bJ. BellPH,1.0,0.0,0.0,0.0,0.0,0.0,1.0,0.279,0.361,0.436,Brandon Lockridge,SDP,Josh Bell,ARI,25
401570880,T. WadeRF,4.0,0.0,0.0,0.0,0.0,0.0,0.0,0.222,0.291,0.244,E. Suarez3B,4.0,0.0,0.0,0.0,0.0,0.0,2.0,0.253,0.317,0.463,Tyler Wade,SDP,Eugenio Suarez,ARI,25
401570880,team,37.0,5.0,10.0,5.0,3.0,2.0,7.0,,,,G. MorenoC,2.0,0.0,0.0,0.0,0.0,1.0,1.0,0.265,0.352,0.377,,SDP,Gabriel Moreno,ARI,25
401570880,,,,,,,,,,,,G. PerdomoSS,2.0,0.0,0.0,0.0,0.0,1.0,0.0,0.272,0.344,0.374,,SDP,Geraldo Perdomo,ARI,25
401570880,,,,,,,,,,,,team,29.0,0.0,2.0,0.0,0.0,2.0,7.0,,,,,SDP,,ARI,25
401570883,M. Semien2B,3.0,1.0,1.0,0.0,0.0,2.0,0.0,0.237,0.307,0.392,T. WardLF,5.0,0.0,1.0,1.0,0.0,0.0,1.0,0.248,0.325,0.429,Marcus Semien,TEX,Taylor Ward,LAA,26
401570883,J. SmithSS,5.0,0.0,0.0,0.0,0.0,0.0,2.0,0.259,0.338,0.394,J. LopezSS,5.0,0.0,2.0,1.0,0.0,0.0,1.0,0.254,0.288,0.349,Josh Smith,TEX,Jack Lopez,LAA,26
401570883,W. LangfordLF,4.0,2.0,1.0,1.0,1.0,1.0,1.0,0.253,0.326,0.417,E. Wagaman3B,5.0,0.0,1.0,1.0,0.0,0.0,1.0,0.25,0.271,0.412,Wyatt Langford,TEX,Eric Wagaman,LAA,26
401570883,A. GarcíaRF,3.0,1.0,1.0,0.0,0.0,0.0,1.0,0.224,0.284,0.4,K. PillarCF,5.0,0.0,0.0,0.0,0.0,0.0,1.0,0.238,0.291,0.383,Adolis Garcia,TEX,Kevin Pillar,LAA,26
401570883,T. JankowskiRF,0.0,0.0,0.0,0.0,0.0,0.0,0.0,0.202,0.261,0.245,B. DruryDH,5.0,1.0,1.0,0.0,0.0,0.0,1.0,0.171,0.244,0.231,Travis Jankowski,TEX,Brandon Drury,LAA,26
401570883,aM. DuffyPH-3B,1.0,2.0,1.0,0.0,0.0,0.0,0.0,0.286,0.5,0.286,L. O'HoppeC,5.0,2.0,4.0,0.0,0.0,0.0,1.0,0.244,0.303,0.409,Matt Duffy,TEX,Logan O'Hoppe,LAA,26
401570883,N. Lowe1B,4.0,3.0,3.0,3.0,1.0,1.0,0.0,0.263,0.359,0.392,G. CamperoRF,4.0,1.0,1.0,3.0,1.0,0.0,1.0,0.262,0.295,0.381,Nathaniel Lowe,TEX,Gustavo Campero,LAA,26
401570883,L. TaverasCF,2.0,0.0,0.0,0.0,0.0,2.0,1.0,0.227,0.288,0.352,N. Kavadas1B,3.0,3.0,2.0,1.0,1.0,1.0,1.0,0.191,0.294,0.348,Leody Taveras,TEX,Niko Kavadas,LAA,26
401570883,cJ. OrnelasPH-CF,1.0,0.0,1.0,2.0,0.0,0.0,0.0,0.216,0.256,0.27,M. Stefanic2B,3.0,1.0,1.0,1.0,0.0,1.0,0.0,0.213,0.292,0.25,Jonathan Ornelas,TEX,Michael Stefanic,LAA,26
401570883,C. KellyC,5.0,0.0,0.0,0.0,0.0,0.0,1.0,0.235,0.291,0.343,team,40.0,8.0,13.0,8.0,2.0,2.0,8.0,,,,Carson Kelly,TEX,,LAA,26
401570883,D. HarrisDH,2.0,0.0,0.0,0.0,0.0,1.0,1.0,0.0,0.333,0.0,,,,,,,,,,,,Dustin Harris,TEX,,LAA,26
401570883,bJ. HeimPH-DH,2.0,0.0,1.0,1.0,0.0,0.0,0.0,0.22,0.267,0.337,,,,,,,,,,,,Jonah Heim,TEX,,LAA,26
401570883,E. Duran3B-RF,4.0,0.0,0.0,0.0,0.0,1.0,3.0,0.246,0.288,0.322,,,,,,,,,,,,Ezequiel Duran,TEX,,LAA,26
401570883,team,36.0,9.0,9.0,7.0,2.0,8.0,10.0,,,,,,,,,,,,,,,,TEX,,LAA,26
401570877,L. ButlerRF,5.0,0.0,0.0,0.0,0.0,0.0,3.0,0.262,0.317,0.49,V. RoblesLF,5.0,0.0,2.0,0.0,0.0,0.0,0.0,0.329,0.395,0.467,Lawrence Butler,OAK,Victor Robles,SEA,27
401570877,B. RookerDH,4.0,1.0,1.0,2.0,1.0,1.0,1.0,0.295,0.367,0.566,J. RodriguezCF,5.0,2.0,2.0,0.0,0.0,0.0,0.0,0.273,0.325,0.41,Brent Rooker,OAK,Julio Rodriguez,SEA,27
401570877,J. BledayCF,4.0,1.0,2.0,0.0,0.0,1.0,1.0,0.245,0.327,0.44,C. RaleighC,5.0,1.0,1.0,1.0,1.0,0.0,2.0,0.218,0.311,0.43,JJ Bleday,OAK,Cal Raleigh,SEA,27
401570877,S. LangeliersC,4.0,1.0,1.0,3.0,1.0,1.0,1.0,0.224,0.288,0.45,L. Raley1B,3.0,2.0,2.0,3.0,1.0,1.0,0.0,0.244,0.321,0.466,Shea Langeliers,OAK,Luke Raley,SEA,27
401570877,T. Soderstrom1B,5.0,1.0,1.0,1.0,1.0,0.0,1.0,0.232,0.316,0.432,J. PolancoDH,4.0,0.0,1.0,0.0,0.0,1.0,1.0,0.214,0.296,0.357,Tyler Soderstrom,OAK,Jorge Polanco,SEA,27
401570877,D. CameronPR-LF,0.0,0.0,0.0,0.0,0.0,0.0,0.0,0.202,0.261,0.333,M. HanigerRF,4.0,0.0,0.0,0.0,0.0,1.0,2.0,0.208,0.287,0.335,Daz Cameron,OAK,Mitch Haniger,SEA,27
401570877,S. BrownLF-1B,5.0,0.0,0.0,0.0,0.0,0.0,2.0,0.228,0.28,0.375,L. RivasPR,0.0,1.0,0.0,0.0,0.0,0.0,0.0,0.236,0.337,0.278,Seth Brown,OAK,Leo Rivas,SEA,27
401570877,J. WilsonSS,4.0,0.0,2.0,0.0,0.0,0.0,0.0,0.25,0.314,0.315,J.P. CrawfordSS,5.0,1.0,0.0,0.0,0.0,0.0,2.0,0.198,0.301,0.319,Jacob Wilson,OAK,J.P. Crawford,SEA,27
401570877,Z. GelofPR-2B,1.0,0.0,0.0,0.0,0.0,0.0,1.0,0.211,0.27,0.363,D. Moore2B,2.0,0.0,0.0,0.0,0.0,3.0,0.0,0.202,0.321,0.368,Zack Gelof,OAK,Dylan Moore,SEA,27
401570877,T. Nevin3B,4.0,0.0,1.0,0.0,0.0,0.0,1.0,0.202,0.287,0.326,J. Rojas3B,4.0,0.0,1.0,2.0,0.0,0.0,1.0,0.227,0.307,0.34,Tyler Nevin,OAK,Josh Rojas,SEA,27
401570877,N. AllenSS,1.0,0.0,0.0,0.0,0.0,0.0,0.0,0.17,0.212,0.245,aJ. TurnerPH,1.0,0.0,0.0,1.0,0.0,0.0,0.0,0.261,0.358,0.395,Nick Allen,OAK,Justin Turner,SEA,27
401570877,M. Schuemann2B-SS-3B,2.0,2.0,2.0,0.0,0.0,1.0,0.0,0.221,0.312,0.31,team,38.0,7.0,9.0,7.0,2.0,6.0,8.0,,,,Max Schuemann,OAK,,SEA,27
401570877,team,39.0,6.0,10.0,6.0,3.0,4.0,11.0,,,,,,,,,,,,,,,,OAK,,SEA,27
401695608,P. Crow-ArmstrongCF,5.0,0.0,0.0,0.0,0.0,0.0,3.0,0.282,0.317,0.569,J. SánchezRF,5.0,2.0,3.0,4.0,1.0,0.0,2.0,0.24,0.33,0.34,Pete Crow-Armstrong,CHC,Juan Soto,NYY,28
401695608,K. TuckerRF,4.0,0.0,0.0,0.0,0.0,1.0,1.0,0.258,0.371,0.511,A. RamirezC,4.0,1.0,1.0,1.0,1.0,0.0,2.0,0.267,0.337,0.593,Kyle Tucker,HOU,Jose Ramirez,CLE,28
401695608,S. SuzukiLF,4.0,0.0,1.0,0.0,0.0,1.0,1.0,0.243,0.299,0.508,O. Lopez2B,4.0,0.0,1.0,1.0,0.0,0.0,1.0,0.231,0.291,0.35,Seiya Suzuki,CHC,Otto Lopez,MIA,28
401695608,M. Busch1B,4.0,2.0,1.0,0.0,0.0,1.0,1.0,0.255,0.356,0.464,K. StowersLF,4.0,0.0,1.0,0.0,0.0,0.0,1.0,0.303,0.379,0.561,Michael Busch,CHC,Kyle Stowers,MIA,28
401695608,D. SwansonSS,5.0,1.0,2.0,0.0,0.0,0.0,0.0,0.257,0.317,0.47,E. Wagaman1B,4.0,0.0,0.0,0.0,0.0,0.0,2.0,0.242,0.295,0.379,Dansby Swanson,CHC,Eric Wagaman,LAA,28
401695608,N. Hoerner2B,5.0,2.0,2.0,0.0,0.0,0.0,0.0,0.293,0.335,0.368,C. Norby3B,4.0,1.0,1.0,0.0,0.0,0.0,2.0,0.263,0.298,0.414,Nico Hoerner,CHC,Connor Norby,MIA,28
401695608,M. BallesterosDH,4.0,0.0,2.0,1.0,0.0,0.0,1.0,0.188,0.278,0.188,L. HicksDH,4.0,1.0,1.0,1.0,0.0,0.0,1.0,0.28,0.348,0.5,Matt Wallner,MIN,Aaron Hicks,LAA,28
401695608,M. AmayaC,3.0,2.0,2.0,5.0,1.0,1.0,1.0,0.287,0.323,0.529,D. HillCF,4.0,1.0,2.0,0.0,0.0,0.0,1.0,0.197,0.258,0.344,Miguel Amaya,CHC,Derek Hill,MIA,28
401695608,M. Shaw3B,4.0,0.0,2.0,1.0,0.0,0.0,1.0,0.194,0.306,0.274,J. SanojaSS,3.0,2.0,1.0,1.0,0.0,1.0,0.0,0.24,0.28,0.31,Myles Straw,CLE,Javier Sanoja,MIA,28
401695608,team,38.0,7.0,12.0,7.0,1.0,4.0,9.0,,,,team,36.0,8.0,11.0,8.0,2.0,1.0,12.0,,,,,CLE,,MIA,28
401695609,T. FriedlCF,5.0,2.0,3.0,1.0,0.0,0.0,0.0,0.275,0.364,0.386,K. Hayes3B,4.0,0.0,0.0,0.0,0.0,0.0,2.0,0.244,0.294,0.304,TJ Friedl,CIN,Ke'Bryan Hayes,PIT,29
401695609,S. Espinal3B,4.0,0.0,0.0,0.0,0.0,1.0,1.0,0.271,0.326,0.316,A. McCutchenDH,4.0,0.0,0.0,0.0,0.0,0.0,2.0,0.241,0.34,0.358,Santiago Espinal,CIN,Andrew McCutchen,PIT,29
401695609,E. De La CruzSS,4.0,2.0,2.0,2.0,0.0,1.0,1.0,0.251,0.324,0.419,B. ReynoldsRF,3.0,1.0,1.0,0.0,0.0,1.0,0.0,0.205,0.273,0.33,Elly De La Cruz,CIN,Bryan Reynolds,PIT,29
401695609,A. HaysLF,5.0,1.0,3.0,2.0,0.0,0.0,1.0,0.33,0.375,0.602,J. BartC,4.0,0.0,1.0,1.0,0.0,0.0,0.0,0.27,0.383,0.349,Austin Hays,PHI,Joey Bart,PIT,29
401695609,G. LuxDH,5.0,0.0,2.0,1.0,0.0,0.0,3.0,0.294,0.379,0.412,A. CanarioCF,4.0,0.0,1.0,0.0,0.0,0.0,1.0,0.23,0.296,0.392,Gavin Lux,LAD,Alexander Canario,CHC,29
401695609,S. Steer1B,4.0,0.0,1.0,0.0,0.0,0.0,0.0,0.209,0.273,0.335,N. Solak1B-2B,4.0,0.0,0.0,0.0,0.0,0.0,0.0,0.1,0.1,0.1,Spencer Steer,CIN,Nick Sogard,BOS,29
401695609,W. BensonRF,4.0,1.0,1.0,0.0,0.0,0.0,1.0,0.353,0.405,0.882,T. PhamLF,3.0,0.0,1.0,0.0,0.0,0.0,1.0,0.183,0.264,0.217,Will Benson,CIN,Tommy Pham,KCR,29
401695609,T. StephensonC,3.0,1.0,0.0,0.0,0.0,1.0,1.0,0.184,0.286,0.306,I. Kiner-FalefaSS,2.0,0.0,1.0,0.0,0.0,0.0,0.0,0.282,0.336,0.347,Tyler Stephenson,CIN,Isiah Kiner-Falefa,PIT,29
401695609,M. McLain2B,3.0,0.0,0.0,1.0,0.0,0.0,2.0,0.179,0.294,0.324,J. Triolo2B,2.0,0.0,0.0,0.0,0.0,0.0,2.0,0.145,0.217,0.265,J.P. Martinez,ATL,Jared Triolo,PIT,29
401695609,team,37.0,7.0,12.0,7.0,0.0,3.0,10.0,,,,aS. HorwitzPH-1B,1.0,0.0,0.0,0.0,0.0,0.0,0.0,0.143,0.143,0.143,,ATL,Spencer Horwitz,TOR,29
401695609,,,,,,,,,,,,team,31.0,1.0,5.0,1.0,0.0,1.0,8.0,,,,,ATL,,TOR,29
401695611,F. LindorSS,3.0,0.0,0.0,0.0,0.0,1.0,1.0,0.279,0.347,0.463,J. DuranLF,4.0,1.0,2.0,1.0,0.0,0.0,0.0,0.268,0.316,0.421,Francisco Lindor,NYM,Jarren Duran,BOS,30
401695611,J. SotoRF,4.0,0.0,1.0,0.0,0.0,0.0,0.0,0.246,0.376,0.439,R. DeversDH,2.0,1.0,0.0,0.0,0.0,2.0,0.0,0.286,0.405,0.511,Juan Soto,NYY,Rafael Devers,BOS,30
401695611,P. Alonso1B,3.0,0.0,1.0,0.0,0.0,1.0,1.0,0.301,0.408,0.557,A. Bregman3B,3.0,0.0,1.0,1.0,0.0,1.0,0.0,0.303,0.386,0.569,Pete Alonso,NYM,Alex Bregman,HOU,30
401695611,B. NimmoLF,4.0,0.0,0.0,0.0,0.0,0.0,1.0,0.22,0.283,0.41,W. AbreuRF,4.0,0.0,1.0,0.0,0.0,0.0,0.0,0.264,0.354,0.522,Brandon Nimmo,NYM,Wilyer Abreu,BOS,30
401695611,M. VientosDH,4.0,0.0,0.0,0.0,0.0,0.0,1.0,0.235,0.296,0.377,T. StorySS,4.0,0.0,1.0,1.0,0.0,0.0,1.0,0.231,0.275,0.341,Mark Vientos,NYM,Trevor Story,BOS,30
401695611,B. Baty3B,3.0,0.0,0.0,0.0,0.0,0.0,1.0,0.217,0.244,0.458,N. Sogard1B,4.0,0.0,0.0,0.0,0.0,0.0,1.0,0.24,0.269,0.28,Brett Baty,NYM,Nick Sogard,BOS,30
401695611,aS. MartePH,1.0,0.0,1.0,0.0,0.0,0.0,0.0,0.211,0.315,0.329,D. Hamilton2B,4.0,0.0,1.0,0.0,0.0,0.0,1.0,0.226,0.262,0.355,Starling Marte,NYM,David Hamilton,BOS,30
401695611,F. AlvarezC,4.0,1.0,2.0,0.0,0.0,0.0,1.0,0.267,0.353,0.35,C. NarvaezC,3.0,1.0,2.0,0.0,0.0,1.0,0.0,0.278,0.346,0.443,Francisco Alvarez,NYM,Carlos Narvaez,NYY,30
401695611,J. McNeil2B,2.0,0.0,1.0,0.0,0.0,1.0,0.0,0.255,0.381,0.471,C. RafaelaCF,4.0,0.0,0.0,0.0,0.0,0.0,2.0,0.24,0.29,0.36,Jeff McNeil,NYM,Ceddanne Rafaela,BOS,30
401695611,T. TaylorCF,3.0,0.0,2.0,1.0,0.0,0.0,1.0,0.244,0.295,0.366,team,32.0,3.0,8.0,3.0,0.0,4.0,5.0,,,,Taylor Ward,LAA,,BOS,30
401695611,team,31.0,1.0,8.0,1.0,0.0,3.0,7.0,,,,,,,,,,,,,,,,LAA,,BOS,30
401695610,J. PenaSS,4.0,0.0,3.0,0.0,0.0,0.0,0.0,0.309,0.362,0.455,Y. DiazDH,4.0,1.0,2.0,0.0,0.0,0.0,0.0,0.249,0.297,0.401,Jeremy Pena,HOU,Yandy Diaz,TBR,31
401695610,I. Paredes3B,4.0,0.0,2.0,0.0,0.0,0.0,0.0,0.265,0.375,0.435,J. CaballeroRF-LF,4.0,0.0,1.0,1.0,0.0,0.0,2.0,0.26,0.333,0.385,Isaac Paredes,CHC,Jose Caballero,TBR,31
401695610,J. Altuve2B,4.0,0.0,0.0,0.0,0.0,0.0,1.0,0.236,0.29,0.337,C. MorelLF,3.0,0.0,0.0,0.0,0.0,0.0,0.0,0.204,0.286,0.336,Jose Altuve,HOU,Christopher Morel,TBR,31
401695610,C. Walker1B,4.0,0.0,0.0,0.0,0.0,0.0,0.0,0.202,0.276,0.347,bJ. LowePH-RF,1.0,0.0,0.0,0.0,0.0,0.0,0.0,0.3,0.333,0.5,Christian Walker,ARI,Josh Lowe,TBR,31
401695610,Y. DiazDH,4.0,0.0,0.0,0.0,0.0,0.0,1.0,0.224,0.247,0.366,J. Caminero3B,4.0,0.0,1.0,0.0,0.0,0.0,2.0,0.235,0.265,0.412,Yandy Diaz,TBR,Junior Caminero,TBR,31
401695610,V. CaratiniC,4.0,1.0,1.0,1.0,1.0,0.0,1.0,0.256,0.348,0.423,B. Lowe2B,4.0,1.0,1.0,0.0,0.0,0.0,0.0,0.218,0.274,0.358,Victor Caratini,HOU,Brandon Lowe,TBR,31
401695610,J. MeyersCF,3.0,2.0,2.0,1.0,1.0,1.0,0.0,0.301,0.368,0.426,D. JansenC,2.0,1.0,1.0,2.0,1.0,1.0,0.0,0.186,0.331,0.299,Jake Meyers,HOU,Danny Jansen,BOS,31
401695610,C. SmithRF,4.0,1.0,2.0,1.0,0.0,0.0,0.0,0.243,0.339,0.378,C. SimpsonPR-CF,0.0,0.0,0.0,0.0,0.0,0.0,0.0,0.301,0.327,0.344,Will Smith,LAD,Ryan Thompson,ARI,31
401695610,C. McCormickLF,3.0,0.0,1.0,1.0,0.0,0.0,0.0,0.235,0.35,0.265,C. Mead1B,4.0,0.0,1.0,0.0,0.0,0.0,1.0,0.175,0.243,0.19,Chas McCormick,HOU,Curtis Mead,TBR,31
401695610,team,34.0,4.0,11.0,4.0,2.0,1.0,3.0,,,,T. WallsSS,4.0,0.0,0.0,0.0,0.0,0.0,1.0,0.191,0.28,0.235,,HOU,Taylor Walls,TBR,31
401695610,,,,,,,,,,,,K. MisnerCF,2.0,0.0,0.0,0.0,0.0,0.0,2.0,0.238,0.284,0.4,,HOU,Kameron Misner,TBR,31
401695610,,,,,,,,,,,,aJ. ArandaPH,1.0,0.0,0.0,0.0,0.0,0.0,1.0,0.309,0.394,0.504,,HOU,Jonathan Aranda,TBR,31
401695610,,,,,,,,,,,,B. RortvedtC,1.0,0.0,0.0,0.0,0.0,0.0,0.0,0.094,0.186,0.113,,HOU,Ben Rortvedt,TBR,31
401695610,,,,,,,,,,,,team,34.0,3.0,7.0,3.0,1.0,1.0,9.0,,,,,HOU,,TBR,31
401695612,J. Holliday2B,5.0,0.0,1.0,0.0,0.0,0.0,2.0,0.273,0.333,0.441,B. Turang2B,4.0,2.0,2.0,2.0,0.0,1.0,2.0,0.293,0.372,0.371,Jackson Holliday,BAL,Brice Turang,MIL,32
401695612,R. Mountcastle1B,4.0,0.0,0.0,0.0,0.0,0.0,2.0,0.226,0.261,0.329,W. ContrerasC,4.0,0.0,4.0,2.0,0.0,1.0,0.0,0.258,0.37,0.371,Ryan Mountcastle,BAL,William Contreras,MIL,32
401695612,G. HendersonSS,3.0,0.0,0.0,0.0,0.0,1.0,1.0,0.253,0.302,0.462,J. ChourioCF,5.0,0.0,0.0,0.0,0.0,0.0,1.0,0.236,0.254,0.419,Gunnar Henderson,BAL,Jackson Chourio,MIL,32
401695612,R. LaureanoRF,4.0,1.0,3.0,1.0,1.0,0.0,0.0,0.272,0.327,0.543,C. YelichDH,4.0,0.0,0.0,0.0,0.0,0.0,1.0,0.194,0.289,0.341,Ramon Laureano,ATL,Christian Yelich,MIL,32
401695612,R. O'HearnDH,3.0,1.0,0.0,0.0,0.0,1.0,2.0,0.294,0.386,0.5,R. Hoskins1B,2.0,1.0,1.0,0.0,0.0,2.0,0.0,0.291,0.4,0.454,Ryan O'Hearn,BAL,Rhys Hoskins,MIL,32
401695612,R. Urias3B,4.0,1.0,1.0,0.0,0.0,0.0,1.0,0.267,0.333,0.372,J. OrtizPR-SS,0.0,0.0,0.0,0.0,0.0,0.0,0.0,0.17,0.223,0.218,Ramon Urias,BAL,Joey Ortiz,MIL,32
401695612,C. MullinsCF,3.0,1.0,1.0,3.0,1.0,1.0,0.0,0.229,0.331,0.471,I. CollinsLF,4.0,1.0,1.0,0.0,0.0,0.0,1.0,0.236,0.321,0.333,Cedric Mullins,BAL,Isaac Collins,MIL,32
401695612,D. CarlsonLF,3.0,0.0,0.0,0.0,0.0,1.0,0.0,0.0,0.095,0.0,S. FrelickRF,4.0,0.0,2.0,0.0,0.0,0.0,0.0,0.279,0.351,0.39,Dylan Carlson,TBR,Sal Frelick,MIL,32
401695612,M. HandleyC,3.0,0.0,0.0,0.0,0.0,0.0,1.0,0.059,0.105,0.059,A. MonasterioSS-1B,3.0,0.0,0.0,0.0,0.0,0.0,2.0,0.0,0.25,0.0,Mitch Haniger,SEA,Andruw Monasterio,MIL,32
401695612,aA. RutschmanPH,1.0,0.0,0.0,0.0,0.0,0.0,0.0,0.208,0.299,0.338,aJ. BauersPH-1B,1.0,0.0,0.0,0.0,0.0,0.0,0.0,0.273,0.36,0.47,Adley Rutschman,BAL,Jake Bauers,MIL,32
401695612,team,33.0,4.0,6.0,4.0,2.0,4.0,9.0,,,,C. Durbin3B,3.0,1.0,1.0,1.0,0.0,1.0,0.0,0.174,0.273,0.244,,BAL,,MIL,32
401695612,,,,,,,,,,,,team,34.0,5.0,11.0,5.0,0.0,5.0,7.0,,,,,BAL,,MIL,32
401695613,S. KwanLF,2.0,0.0,1.0,0.0,0.0,0.0,0.0,0.313,0.375,0.429,R. JeffersC,2.0,1.0,1.0,0.0,0.0,0.0,1.0,0.271,0.347,0.411,Steven Kwan,CLE,Ryan Jeffers,MIN,33
401695613,A. Martinez2B,2.0,1.0,1.0,0.0,0.0,0.0,1.0,0.298,0.327,0.394,B. LeeSS,2.0,0.0,0.0,0.0,0.0,0.0,1.0,0.246,0.287,0.386,Angel Martinez,CLE,Brooks Lee,MIN,33
401695613,J. Ramirez3B,2.0,0.0,0.0,0.0,0.0,0.0,0.0,0.293,0.355,0.512,R. LewisDH,1.0,0.0,0.0,0.0,0.0,1.0,0.0,0.2,0.273,0.3,Jose Ramirez,CLE,Royce Lewis,MIN,33
401695613,K. ManzardoDH,1.0,0.0,1.0,1.0,0.0,0.0,0.0,0.227,0.313,0.504,T. France1B,2.0,0.0,1.0,1.0,0.0,0.0,0.0,0.256,0.319,0.357,Kyle Manzardo,CLE,Ty France,CIN,33
401695613,C. Santana1B,1.0,0.0,0.0,0.0,0.0,0.0,1.0,0.221,0.328,0.318,T. LarnachLF,1.0,0.0,0.0,0.0,0.0,0.0,0.0,0.243,0.323,0.41,Carlos Santana,MIN,Trevor Larnach,MIN,33
401695613,N. JonesCF,1.0,0.0,0.0,0.0,0.0,0.0,0.0,0.179,0.281,0.292,J. Bride3B,1.0,0.0,1.0,0.0,0.0,0.0,0.0,0.314,0.359,0.371,Nolan Jones,COL,Jonah Bride,MIA,33
401695613,G. AriasSS,1.0,0.0,0.0,0.0,0.0,0.0,0.0,0.253,0.311,0.39,C. McCuskerRF,1.0,0.0,0.0,0.0,0.0,0.0,1.0,0.0,0.0,0.0,Gabriel Arias,CLE,Cole Tucker,LAA,33
401695613,B. NaylorC,1.0,0.0,0.0,0.0,0.0,0.0,1.0,0.189,0.293,0.396,H. BaderCF,1.0,1.0,0.0,0.0,0.0,0.0,0.0,0.277,0.363,0.429,Bo Naylor,CLE,Harrison Bader,NYM,33
401695613,W. BrennanRF,1.0,0.0,0.0,0.0,0.0,0.0,0.0,0.0,0.091,0.0,W. Castro2B,1.0,0.0,1.0,1.0,0.0,0.0,0.0,0.242,0.312,0.384,Will Brennan,CLE,Willi Castro,MIN,33
401695613,team,12.0,1.0,3.0,1.0,0.0,0.0,3.0,,,,team,12.0,2.0,4.0,2.0,0.0,1.0,3.0,,,,,CLE,,MIN,33
401695615,J.P. CrawfordSS,3.0,1.0,1.0,0.0,0.0,2.0,1.0,0.271,0.383,0.381,C. MeidrothSS,3.0,1.0,1.0,0.0,0.0,1.0,1.0,0.286,0.375,0.357,J.P. Crawford,SEA,Colt Keith,DET,34
401695615,J. PolancoDH,3.0,0.0,1.0,1.0,0.0,0.0,0.0,0.314,0.359,0.619,M. ThaissC,3.0,0.0,1.0,0.0,0.0,1.0,1.0,0.215,0.376,0.304,Jorge Polanco,SEA,Matt Thaiss,LAA,34
401695615,aM. GarverPH-DH,2.0,1.0,1.0,0.0,0.0,0.0,0.0,0.222,0.356,0.278,M. Vargas3B,4.0,0.0,0.0,0.0,0.0,0.0,0.0,0.239,0.321,0.411,Mitch Garver,SEA,Miguel Vargas,CHW,34
401695615,J. RodriguezCF,4.0,1.0,1.0,4.0,1.0,0.0,0.0,0.235,0.313,0.412,L. Robert Jr.CF,4.0,0.0,1.0,0.0,0.0,0.0,0.0,0.186,0.281,0.308,Julio Rodriguez,SEA,Luis Robert Jr.,CHW,34
401695615,C. RaleighC,4.0,0.0,0.0,0.0,0.0,0.0,1.0,0.241,0.362,0.56,J. PalaciosRF,4.0,0.0,1.0,0.0,0.0,0.0,1.0,0.198,0.301,0.272,Cal Raleigh,SEA,Joshua Palacios,PIT,34
401695615,R. ArozarenaLF,4.0,0.0,0.0,0.0,0.0,0.0,1.0,0.236,0.372,0.414,A. VaughnDH,4.0,0.0,1.0,1.0,0.0,0.0,0.0,0.185,0.215,0.315,Randy Arozarena,SEA,Andrew Vaughn,CHW,34
401695615,R. Tellez1B,3.0,0.0,0.0,0.0,0.0,1.0,1.0,0.196,0.259,0.471,A. SlaterLF,2.0,0.0,0.0,0.0,0.0,0.0,2.0,0.227,0.227,0.455,Rowdy Tellez,PIT,Austin Slater,BAL,34
401695615,L. TaverasRF,4.0,0.0,0.0,0.0,0.0,0.0,0.0,0.139,0.179,0.194,aE. QueroPH,1.0,0.0,0.0,0.0,0.0,0.0,1.0,0.277,0.368,0.313,Leody Taveras,TEX,Elvis Peguero,MIL,34
401695615,D. Moore2B,4.0,0.0,1.0,0.0,0.0,0.0,1.0,0.284,0.342,0.51,M. TaylorLF,1.0,0.0,0.0,0.0,0.0,0.0,1.0,0.196,0.253,0.348,Dylan Moore,SEA,Michael A. Taylor,PIT,34
401695615,B. Williamson3B,4.0,2.0,3.0,0.0,0.0,0.0,0.0,0.248,0.275,0.314,J. Rojas2B,3.0,0.0,0.0,0.0,0.0,0.0,1.0,0.158,0.238,0.158,Luke Williams,ATL,Josh Rojas,SEA,34
401695615,team,35.0,5.0,8.0,5.0,1.0,3.0,5.0,,,,T. Elko1B,3.0,0.0,0.0,0.0,0.0,0.0,0.0,0.167,0.2,0.417,,ATL,J.T. Realmuto,PHI,34
401695615,,,,,,,,,,,,team,32.0,1.0,5.0,1.0,0.0,2.0,8.0,,,,,ATL,,PHI,34
401695614,K. CarpenterRF,4.0,0.0,0.0,0.0,0.0,0.0,2.0,0.284,0.312,0.5,L. NootbaarLF,4.0,2.0,2.0,1.0,0.0,0.0,1.0,0.258,0.364,0.425,Kerry Carpenter,DET,Lars Nootbaar,STL,35
401695614,G. Torres2B,3.0,0.0,0.0,0.0,0.0,1.0,1.0,0.284,0.368,0.44,M. WinnSS,4.0,1.0,2.0,0.0,0.0,0.0,0.0,0.267,0.358,0.427,Gleyber Torres,NYY,Masyn Winn,STL,35
401695614,C. Keith1B,4.0,0.0,0.0,0.0,0.0,0.0,1.0,0.222,0.341,0.359,B. Donovan2B,5.0,2.0,3.0,1.0,0.0,0.0,0.0,0.337,0.392,0.475,Colt Keith,DET,Brendan Donovan,STL,35
401695614,R. GreeneCF,3.0,0.0,1.0,0.0,0.0,0.0,2.0,0.276,0.328,0.508,Y. Pozo1B,0.0,0.0,0.0,0.0,0.0,0.0,0.0,0.348,0.362,0.478,Riley Greene,DET,,STL,35
401695614,J. MalloyLF,1.0,1.0,0.0,0.0,0.0,0.0,0.0,0.203,0.35,0.291,W. Contreras1B,4.0,1.0,1.0,1.0,0.0,0.0,1.0,0.249,0.33,0.401,Justyn-Henry Malloy,DET,William Contreras,MIL,35
401695614,S. TorkelsonDH,3.0,1.0,1.0,0.0,0.0,1.0,1.0,0.246,0.352,0.533,N. Gorman1B-2B,1.0,0.0,0.0,0.0,0.0,0.0,0.0,0.171,0.283,0.276,Spencer Torkelson,DET,Nolan Gorman,STL,35
401695614,Z. McKinstry3B,2.0,0.0,1.0,0.0,0.0,0.0,1.0,0.284,0.368,0.419,I. HerreraDH,5.0,2.0,2.0,2.0,0.0,0.0,0.0,0.426,0.484,0.815,Zach McKinstry,DET,Ivan Herrera,STL,35
401695614,aA. IbanezPH-3B,2.0,1.0,1.0,1.0,0.0,0.0,0.0,0.254,0.329,0.388,N. Arenado3B,4.0,0.0,0.0,1.0,0.0,0.0,0.0,0.241,0.316,0.371,Andy Ibanez,DET,Nolan Arenado,STL,35
401695614,T. SweeneySS,3.0,1.0,1.0,1.0,0.0,0.0,1.0,0.252,0.311,0.364,J. Barrero3B,1.0,0.0,0.0,0.0,0.0,0.0,0.0,0.176,0.222,0.412,Trey Sweeney,DET,Jorge Barrosa,ARI,35
401695614,D. DinglerC,4.0,0.0,2.0,1.0,0.0,0.0,1.0,0.292,0.319,0.462,A. BurlesonRF,2.0,0.0,2.0,0.0,0.0,1.0,0.0,0.285,0.333,0.423,Dillon Dingler,DET,Alec Burleson,STL,35
401695614,A. BaddooLF-CF,4.0,0.0,1.0,1.0,0.0,0.0,2.0,0.2,0.273,0.3,J. WalkerRF,1.0,1.0,1.0,2.0,0.0,0.0,0.0,0.195,0.26,0.286,Akil Baddoo,DET,Jordan Walker,STL,35
401695614,team,33.0,4.0,8.0,4.0,0.0,2.0,12.0,,,,P. PagesC,4.0,1.0,1.0,2.0,1.0,0.0,1.0,0.233,0.268,0.379,,DET,Pedro Pages,STL,35
401695614,,,,,,,,,,,,V. Scott IICF,3.0,1.0,2.0,0.0,0.0,1.0,0.0,0.271,0.344,0.375,,DET,Victor Scott II,STL,35
401695614,,,,,,,,,,,,team,38.0,11.0,16.0,10.0,1.0,2.0,3.0,,,,,DET,,STL,35
401695616,T. TurnerSS,5.0,1.0,3.0,2.0,0.0,0.0,0.0,0.303,0.358,0.4,J. BeckLF,4.0,1.0,1.0,0.0,0.0,0.0,1.0,0.264,0.331,0.568,Trea Turner,PHI,Jordan Beck,COL,36
401695616,B. Harper1B,4.0,0.0,2.0,2.0,0.0,0.0,0.0,0.263,0.376,0.44,E. TovarSS,4.0,1.0,2.0,2.0,1.0,0.0,0.0,0.275,0.31,0.45,Bryce Harper,PHI,Ezequiel Tovar,COL,36
401695616,K. SchwarberDH,4.0,1.0,1.0,1.0,1.0,1.0,2.0,0.257,0.389,0.573,H. GoodmanDH,4.0,0.0,0.0,0.0,0.0,0.0,2.0,0.292,0.344,0.494,Kyle Schwarber,PHI,Hunter Goodman,COL,36
401695616,N. CastellanosRF,5.0,2.0,2.0,0.0,0.0,0.0,1.0,0.282,0.325,0.414,M. Toglia1B,4.0,1.0,1.0,0.0,0.0,0.0,3.0,0.21,0.278,0.377,Nick Castellanos,PHI,Michael Toglia,COL,36
401695616,J.T. RealmutoC,5.0,0.0,0.0,0.0,0.0,0.0,2.0,0.236,0.317,0.382,B. DoyleCF,4.0,0.0,1.0,1.0,0.0,0.0,0.0,0.204,0.253,0.32,J.T. Realmuto,PHI,Brenton Doyle,COL,36
401695616,A. Bohm3B,5.0,1.0,2.0,2.0,1.0,0.0,1.0,0.26,0.302,0.361,R. McMahon3B,4.0,0.0,0.0,0.0,0.0,0.0,2.0,0.201,0.326,0.365,Alec Bohm,PHI,Ryan McMahon,COL,36
401695616,E. Sosa2B,5.0,2.0,4.0,2.0,1.0,0.0,0.0,0.386,0.419,0.526,T. FreemanRF,2.0,0.0,0.0,0.0,0.0,0.0,0.0,0.118,0.304,0.118,Edmundo Sosa,PHI,Tyler Freeman,CLE,36
401695616,W. WilsonLF,2.0,0.0,0.0,0.0,0.0,1.0,1.0,0.25,0.333,0.438,aM. MoniakPH-RF,2.0,0.0,1.0,0.0,0.0,0.0,0.0,0.22,0.27,0.386,Weston Wilson,PHI,Mickey Moniak,LAA,36
401695616,bM. KeplerPH-LF,2.0,0.0,1.0,0.0,0.0,0.0,0.0,0.221,0.304,0.383,A. Amador2B,2.0,0.0,0.0,0.0,0.0,0.0,1.0,0.145,0.244,0.246,Max Kepler,MIN,Adael Amador,COL,36
401695616,J. RojasCF,2.0,0.0,0.0,0.0,0.0,0.0,0.0,0.259,0.319,0.346,J. StallingsC,3.0,0.0,0.0,0.0,0.0,0.0,0.0,0.141,0.228,0.183,Josh Rojas,SEA,Jacob Stallings,COL,36
401695616,aB. MarshPH-CF,3.0,2.0,2.0,0.0,0.0,0.0,0.0,0.205,0.298,0.301,team,33.0,3.0,6.0,3.0,1.0,0.0,9.0,,,,Brandon Marsh,PHI,,COL,36
401695616,team,42.0,9.0,17.0,9.0,3.0,2.0,7.0,,,,,,,,,,,,,,,,PHI,,COL,36
401695619,J. IndiaDH,3.0,0.0,1.0,0.0,0.0,1.0,1.0,0.24,0.333,0.317,H. RamosLF,4.0,0.0,1.0,0.0,0.0,0.0,0.0,0.292,0.358,0.489,Jonathan India,CIN,Heliot Ramos,SFG,37
401695619,C. BiggioPR-DH,0.0,1.0,0.0,0.0,0.0,0.0,0.0,0.177,0.311,0.242,W. FloresDH,4.0,0.0,1.0,0.0,0.0,0.0,1.0,0.257,0.322,0.449,Cavan Biggio,ATL,Wilmer Flores,SFG,37
401695619,B. Witt Jr.SS,4.0,0.0,1.0,0.0,0.0,0.0,0.0,0.302,0.369,0.508,J. LeeCF,4.0,0.0,1.0,1.0,0.0,0.0,1.0,0.276,0.317,0.465,Bobby Witt Jr.,KCR,Jung Hoo Lee,SFG,37
401695619,V. Pasquantino1B,4.0,1.0,2.0,2.0,1.0,0.0,0.0,0.228,0.272,0.392,M. Chapman3B,4.0,0.0,0.0,0.0,0.0,0.0,1.0,0.216,0.337,0.398,Vinnie Pasquantino,KCR,Matt Chapman,SFG,37
401695619,S. PerezC,4.0,0.0,0.0,0.0,0.0,0.0,2.0,0.218,0.254,0.324,W. AdamesSS,3.0,0.0,0.0,0.0,0.0,1.0,1.0,0.219,0.302,0.353,Salvador Perez,KCR,Willy Adames,MIL,37
401695619,M. Garcia3B,4.0,1.0,2.0,0.0,0.0,0.0,2.0,0.306,0.374,0.482,C. Schmitt1B,2.0,0.0,1.0,0.0,0.0,1.0,0.0,0.2,0.259,0.32,Maikel Garcia,KCR,Casey Schmitt,SFG,37
401695619,M. CanhaLF,3.0,0.0,2.0,0.0,0.0,0.0,0.0,0.296,0.371,0.333,aL. Wade Jr.PH,1.0,0.0,1.0,0.0,0.0,0.0,0.0,0.172,0.271,0.287,Mark Canha,SFG,LaMonte Wade Jr.,SFG,37
401695619,D. BlancoPR-LF,0.0,0.0,0.0,0.0,0.0,0.0,0.0,0.333,0.333,0.667,T. Fitzgerald2B,3.0,0.0,0.0,0.0,0.0,1.0,0.0,0.286,0.35,0.429,Dairon Blanco,KCR,Tyler Fitzgerald,SFG,37
401695619,M. Massey2B,4.0,0.0,0.0,0.0,0.0,0.0,1.0,0.199,0.218,0.269,L. MatosRF,3.0,0.0,0.0,0.0,0.0,0.0,0.0,0.154,0.203,0.323,Michael Massey,KCR,Luis Matos,SFG,37
401695619,H. RenfroeRF,3.0,0.0,0.0,0.0,0.0,1.0,1.0,0.173,0.234,0.224,bM. YastrzemskiPH,1.0,0.0,0.0,0.0,0.0,0.0,1.0,0.274,0.376,0.438,Hunter Renfroe,KCR,Mike Yastrzemski,SFG,37
401695619,K. IsbelCF,4.0,0.0,2.0,1.0,0.0,0.0,0.0,0.278,0.286,0.435,S. HuffC,3.0,1.0,1.0,0.0,0.0,0.0,2.0,0.2,0.245,0.289,Kyle Isbel,KCR,Sam Huff,TEX,37
401695619,team,33.0,3.0,10.0,3.0,1.0,2.0,7.0,,,,team,32.0,1.0,6.0,1.0,0.0,3.0,7.0,,,,,KCR,,TEX,37
401764540,Z. NetoSS,4.0,1.0,1.0,0.0,0.0,0.0,1.0,0.282,0.333,0.545,L. ButlerRF,4.0,1.0,1.0,0.0,0.0,1.0,0.0,0.228,0.294,0.389,Zach Neto,LAA,Lawrence Butler,OAK,38
401764540,N. Schanuel1B,4.0,2.0,3.0,1.0,1.0,0.0,0.0,0.277,0.365,0.406,J. WilsonSS,3.0,1.0,2.0,0.0,0.0,1.0,0.0,0.343,0.38,0.481,Nolan Schanuel,LAA,Jacob Wilson,OAK,38
401764540,Y. Moncada3B,3.0,0.0,0.0,1.0,0.0,0.0,1.0,0.215,0.346,0.446,M. SchuemannPR,0.0,0.0,0.0,0.0,0.0,0.0,0.0,0.263,0.349,0.447,Yoan Moncada,CHW,Max Schuemann,OAK,38
401764540,T. WardLF,4.0,1.0,1.0,2.0,1.0,0.0,2.0,0.198,0.246,0.458,T. SoderstromLF,4.0,1.0,1.0,0.0,0.0,0.0,2.0,0.272,0.332,0.489,Taylor Ward,LAA,Tyler Soderstrom,OAK,38
401764540,J. SolerDH,4.0,0.0,0.0,0.0,0.0,0.0,2.0,0.213,0.289,0.375,B. RookerDH,2.0,0.0,1.0,1.0,0.0,2.0,0.0,0.241,0.31,0.445,Jorge Soler,ATL,Brent Rooker,OAK,38
401764540,L. O'HoppeC,4.0,0.0,2.0,0.0,0.0,0.0,1.0,0.259,0.293,0.482,S. LangeliersC,4.0,0.0,1.0,1.0,0.0,0.0,1.0,0.25,0.316,0.442,Logan O'Hoppe,LAA,Shea Langeliers,OAK,38
401764540,M. LugoCF,4.0,0.0,0.0,0.0,0.0,0.0,4.0,0.31,0.333,0.759,N. Kurtz1B,4.0,0.0,0.0,0.0,0.0,0.0,1.0,0.208,0.259,0.299,Marco Luciano,SFG,,OAK,38
401764540,L. Rengifo2B,4.0,0.0,1.0,0.0,0.0,0.0,2.0,0.219,0.258,0.288,L. Urias2B,3.0,0.0,0.0,0.0,0.0,0.0,0.0,0.265,0.342,0.461,Luis Rengifo,LAA,Luis Urias,SEA,38
401764540,J. AdellRF,3.0,0.0,0.0,0.0,0.0,0.0,0.0,0.193,0.244,0.361,J. BledayCF,3.0,0.0,1.0,0.0,0.0,1.0,1.0,0.208,0.298,0.377,Jo Adell,LAA,JJ Bleday,OAK,38
401764540,team,34.0,4.0,8.0,4.0,2.0,0.0,13.0,,,,G. Urshela3B,3.0,0.0,0.0,0.0,0.0,0.0,1.0,0.219,0.265,0.333,,LAA,Gio Urshela,ATL,38
401764540,,,,,,,,,,,,aS. BrownPH,1.0,0.0,0.0,0.0,0.0,0.0,0.0,0.191,0.309,0.298,,LAA,Seth Brown,OAK,38
401764540,,,,,,,,,,,,team,31.0,3.0,7.0,2.0,0.0,5.0,6.0,,,,,LAA,,OAK,38
401695618,K. Marte2B,5.0,1.0,1.0,0.0,0.0,0.0,1.0,0.268,0.381,0.537,S. OhtaniDH,4.0,1.0,1.0,1.0,1.0,0.0,0.0,0.312,0.406,0.672,Ketel Marte,ARI,Shohei Ohtani,LAD,39
401695618,C. CarrollRF,4.0,1.0,1.0,0.0,0.0,1.0,2.0,0.279,0.353,0.592,M. BettsSS,4.0,2.0,2.0,2.0,2.0,0.0,0.0,0.263,0.35,0.444,Corbin Carroll,ARI,Mookie Betts,LAD,39
401695618,L. Gurriel Jr.LF,4.0,2.0,1.0,2.0,1.0,1.0,0.0,0.227,0.271,0.442,F. Freeman1B,4.0,1.0,1.0,0.0,0.0,0.0,0.0,0.368,0.426,0.662,Lourdes Gurriel Jr.,ARI,Freddie Freeman,LAD,39
401695618,E. Suarez3B,5.0,0.0,1.0,1.0,0.0,0.0,2.0,0.215,0.307,0.512,W. SmithC,3.0,0.0,1.0,0.0,0.0,1.0,0.0,0.339,0.45,0.504,Eugenio Suarez,ARI,Will Smith,LAD,39
401695618,J. Naylor1B,5.0,1.0,1.0,1.0,0.0,0.0,0.0,0.299,0.367,0.452,T. HernándezRF,4.0,1.0,0.0,1.0,0.0,0.0,1.0,0.306,0.324,0.582,Josh Naylor,CLE,Teoscar Hernandez,LAD,39
401695618,G. MorenoC,4.0,1.0,1.0,2.0,1.0,0.0,0.0,0.264,0.331,0.364,M. Muncy3B,3.0,0.0,0.0,0.0,0.0,0.0,0.0,0.205,0.326,0.336,Gabriel Moreno,ARI,Max Muncy,LAD,39
401695618,T. TawaCF,4.0,1.0,2.0,0.0,0.0,0.0,0.0,0.241,0.323,0.458,M. ConfortoLF,3.0,0.0,0.0,0.0,0.0,1.0,0.0,0.168,0.304,0.273,,ARI,Michael Conforto,SFG,39
401695618,A. ThomasCF,0.0,0.0,0.0,0.0,0.0,0.0,0.0,0.276,0.323,0.39,T. Edman2B,4.0,0.0,1.0,1.0,0.0,0.0,0.0,0.244,0.285,0.496,Alek Thomas,ARI,Tommy Edman,LAD,39
401695618,P. SmithDH,4.0,1.0,2.0,0.0,0.0,0.0,0.0,0.306,0.425,0.504,H. KimCF,4.0,0.0,0.0,0.0,0.0,0.0,1.0,0.4,0.432,0.514,Pavin Smith,ARI,Ha-Seong Kim,SDP,39
401695618,G. PerdomoSS,2.0,1.0,1.0,3.0,1.0,1.0,0.0,0.302,0.403,0.488,team,33.0,5.0,6.0,5.0,3.0,2.0,2.0,,,,Geraldo Perdomo,ARI,,SDP,39
401695618,team,37.0,9.0,11.0,9.0,3.0,3.0,5.0,,,,,,,,,,,,,,,,ARI,,SDP,39
401570893,K. SchwarberDH,4.0,2.0,1.0,2.0,0.0,1.0,1.0,0.248,0.366,0.485,L. Garcia Jr.2B,5.0,1.0,2.0,2.0,1.0,0.0,1.0,0.282,0.318,0.444,Kyle Schwarber,PHI,Luis Garcia Jr.,WSN,40
401570893,T. TurnerSS,4.0,1.0,2.0,0.0,0.0,0.0,0.0,0.295,0.338,0.469,J. WoodLF,5.0,0.0,0.0,0.0,0.0,0.0,4.0,0.264,0.354,0.427,Trea Turner,PHI,James Wood,WSN,40
401570893,B. Kennedy3B,1.0,0.0,0.0,0.0,0.0,0.0,1.0,0.182,0.308,0.273,J. YepezDH,5.0,0.0,1.0,1.0,0.0,0.0,1.0,0.283,0.335,0.429,Buddy Kennedy,PHI,Juan Yepez,WSN,40
401570893,N. CastellanosRF,0.0,0.0,0.0,0.0,0.0,1.0,0.0,0.254,0.311,0.431,J. Tena3B,4.0,0.0,0.0,0.0,0.0,0.0,3.0,0.274,0.305,0.363,Nick Castellanos,PHI,Jose Tena,WSN,40
401570893,W. WilsonRF,3.0,0.0,1.0,2.0,0.0,0.0,1.0,0.284,0.347,0.489,D. CrewsRF,3.0,0.0,3.0,0.0,0.0,0.0,0.0,0.218,0.288,0.353,Weston Wilson,PHI,Dylan Crews,WSN,40
401570893,B. Stott2B,4.0,0.0,1.0,1.0,0.0,0.0,0.0,0.245,0.315,0.356,J. Gallo1B,3.0,0.0,0.0,0.0,0.0,0.0,1.0,0.161,0.277,0.336,Bryson Stott,PHI,Joey Gallo,WSN,40
401570893,A. Bohm1B,4.0,0.0,1.0,1.0,0.0,0.0,1.0,0.28,0.332,0.448,aS. GarrettPH,1.0,0.0,0.0,0.0,0.0,0.0,0.0,0.6,0.667,1.4,Alec Bohm,PHI,Stone Garrett,WSN,40
401570893,B. MarshCF,4.0,0.0,0.0,0.0,0.0,0.0,0.0,0.249,0.328,0.419,T. Lipscomb1B,0.0,0.0,0.0,0.0,0.0,0.0,0.0,0.2,0.268,0.232,Brandon Marsh,PHI,Trey Lipscomb,WSN,40
401570893,K. ClemensLF,2.0,1.0,1.0,0.0,0.0,1.0,1.0,0.219,0.258,0.447,D. MillasC,4.0,0.0,2.0,0.0,0.0,0.0,2.0,0.246,0.306,0.316,Kody Clemens,PHI,Drew Millas,WSN,40
401570893,E. Sosa3B-SS,4.0,1.0,1.0,0.0,0.0,0.0,1.0,0.257,0.313,0.422,J. YoungCF,3.0,1.0,1.0,0.0,0.0,1.0,1.0,0.256,0.316,0.331,Edmundo Sosa,PHI,Jacob Young,WSN,40
401570893,G. StubbsC,4.0,1.0,1.0,0.0,0.0,0.0,0.0,0.207,0.296,0.262,N. NunezSS,3.0,1.0,1.0,0.0,0.0,0.0,1.0,0.246,0.37,0.262,Garrett Stubbs,PHI,Nasim Nunez,WSN,40
401570893,team,34.0,6.0,9.0,6.0,0.0,3.0,6.0,,,,bD. BakerPH,1.0,0.0,1.0,0.0,0.0,0.0,0.0,0.5,0.5,0.643,,PHI,Darren Baker,WSN,40
401570893,,,,,,,,,,,,team,37.0,3.0,11.0,3.0,1.0,1.0,14.0,,,,,PHI,,WSN,40
401570894,N. Gonzales2B,4.0,1.0,0.0,0.0,0.0,0.0,0.0,0.27,0.311,0.398,G. Torres2B,3.0,2.0,2.0,0.0,0.0,1.0,1.0,0.257,0.33,0.378,Nick Gonzales,PIT,Gleyber Torres,NYY,41
401570894,B. ReynoldsDH,3.0,1.0,0.0,0.0,0.0,1.0,1.0,0.275,0.344,0.447,T. GrishamCF,4.0,1.0,2.0,3.0,1.0,0.0,2.0,0.19,0.29,0.385,Bryan Reynolds,PIT,Trent Grisham,NYY,41
401570894,O. CruzCF,3.0,1.0,0.0,0.0,0.0,2.0,2.0,0.259,0.324,0.449,G. StantonDH,1.0,0.0,0.0,0.0,0.0,1.0,0.0,0.233,0.298,0.475,Oneil Cruz,PIT,Giancarlo Stanton,NYY,41
401570894,J. BartC,4.0,1.0,2.0,1.0,0.0,0.0,2.0,0.265,0.337,0.462,aA. WellsPH-DH,1.0,1.0,0.0,0.0,0.0,0.0,0.0,0.229,0.322,0.395,Joey Bart,PIT,Austin Wells,NYY,41
401570894,J. PalaciosLF,3.0,0.0,1.0,2.0,0.0,1.0,1.0,0.224,0.333,0.343,J. DominguezLF,3.0,1.0,0.0,0.0,0.0,1.0,0.0,0.179,0.313,0.304,Joshua Palacios,PIT,Jasson Dominguez,NYY,41
401570894,J. Triolo3B,3.0,0.0,0.0,1.0,0.0,0.0,3.0,0.216,0.296,0.315,J. Berti3B,3.0,0.0,0.0,0.0,0.0,1.0,0.0,0.273,0.342,0.318,Jared Triolo,PIT,Jon Berti,NYY,41
401570894,N. YorkeRF,2.0,0.0,0.0,0.0,0.0,2.0,1.0,0.216,0.286,0.378,A. VerdugoRF,4.0,0.0,1.0,2.0,0.0,0.0,1.0,0.233,0.291,0.356,Nick Yorke,PIT,Alex Verdugo,NYY,41
401570894,B. Cook1B,4.0,0.0,1.0,0.0,0.0,0.0,1.0,0.224,0.224,0.449,A. VolpeSS,2.0,0.0,0.0,0.0,0.0,2.0,1.0,0.243,0.293,0.364,Billy Cook,PIT,Anthony Volpe,NYY,41
401570894,L. PegueroSS,4.0,0.0,1.0,0.0,0.0,0.0,2.0,0.2,0.2,0.3,B. Rice1B,3.0,0.0,0.0,0.0,0.0,0.0,2.0,0.171,0.264,0.349,Liover Peguero,PIT,Ben Rice,NYY,41
401570894,team,30.0,4.0,5.0,4.0,0.0,6.0,13.0,,,,J. TrevinoC,2.0,1.0,0.0,0.0,0.0,1.0,1.0,0.215,0.288,0.354,,PIT,Jose Trevino,NYY,41
401570894,,,,,,,,,,,,team,26.0,6.0,5.0,5.0,1.0,7.0,8.0,,,,,PIT,,NYY,41
401570896,B. Donovan2B,3.0,1.0,2.0,2.0,1.0,2.0,0.0,0.278,0.342,0.417,M. YastrzemskiRF,2.0,0.0,0.0,0.0,0.0,0.0,0.0,0.231,0.302,0.437,Brendan Donovan,STL,Mike Yastrzemski,SFG,42
401570896,A. BurlesonLF-1B,4.0,0.0,2.0,3.0,0.0,1.0,1.0,0.269,0.314,0.42,L. MatosRF,2.0,0.0,0.0,0.0,0.0,0.0,0.0,0.213,0.237,0.347,Alec Burleson,STL,Luis Matos,SFG,42
401570896,P. GoldschmidtDH,2.0,0.0,0.0,0.0,0.0,0.0,2.0,0.245,0.302,0.414,J. EncarnacionLF-1B,4.0,0.0,0.0,0.0,0.0,0.0,1.0,0.248,0.277,0.425,Paul Goldschmidt,STL,Jerar Encarnacion,SFG,42
401570896,aL. BakerPH-DH,3.0,0.0,0.0,0.0,0.0,0.0,0.0,0.175,0.286,0.4,L. Wade Jr.1B,2.0,0.0,0.0,0.0,0.0,0.0,0.0,0.26,0.38,0.381,Luken Baker,STL,LaMonte Wade Jr.,SFG,42
401570896,L. NootbaarCF-LF,4.0,0.0,0.0,0.0,0.0,0.0,2.0,0.244,0.342,0.417,D. Walton2B,2.0,0.0,1.0,0.0,0.0,0.0,0.0,0.136,0.24,0.273,Lars Nootbaar,STL,Donovan Walton,SFG,42
401570896,M. Carpenter1B,1.0,0.0,1.0,0.0,0.0,0.0,0.0,0.234,0.314,0.372,M. Chapman3B,1.0,0.0,0.0,0.0,0.0,0.0,0.0,0.247,0.328,0.463,Matt Carpenter,STL,Matt Chapman,SFG,42
401570896,M. SianiCF,2.0,1.0,0.0,0.0,0.0,1.0,1.0,0.228,0.285,0.285,C. Schmitt3B,3.0,1.0,2.0,0.0,0.0,0.0,1.0,0.252,0.283,0.477,Michael Siani,STL,Casey Schmitt,SFG,42
401570896,J. WalkerRF,4.0,1.0,1.0,0.0,0.0,0.0,2.0,0.201,0.253,0.366,M. ConfortoDH,4.0,0.0,1.0,0.0,0.0,0.0,0.0,0.237,0.309,0.45,Jordan Walker,STL,Michael Conforto,SFG,42
401570896,T. SaggeseSS,3.0,1.0,0.0,0.0,0.0,1.0,1.0,0.204,0.25,0.306,T. FitzgeraldSS-LF,4.0,0.0,0.0,0.0,0.0,0.0,2.0,0.28,0.334,0.497,Thomas Saggese,STL,Tyler Fitzgerald,SFG,42
401570896,P. PagesC,3.0,1.0,0.0,0.0,0.0,1.0,3.0,0.238,0.281,0.376,B. Wisely2B-SS,3.0,0.0,1.0,1.0,0.0,0.0,0.0,0.238,0.278,0.345,Pedro Pages,STL,Brett Wisely,SFG,42
401570896,J. Fermin3B,4.0,1.0,1.0,1.0,0.0,0.0,2.0,0.155,0.241,0.197,C. CasaliC,3.0,0.0,1.0,0.0,0.0,0.0,0.0,0.194,0.293,0.25,Jose Fermin,STL,Curt Casali,SFG,42
401570896,team,33.0,6.0,7.0,6.0,1.0,6.0,14.0,,,,G. McCrayCF,3.0,0.0,1.0,0.0,0.0,0.0,2.0,0.202,0.238,0.379,,STL,Grant McCray,SFG,42
401570896,,,,,,,,,,,,team,33.0,1.0,7.0,1.0,0.0,0.0,6.0,,,,,STL,,SFG,42
401570897,R. Palacios2B,4.0,0.0,0.0,0.0,0.0,0.0,0.0,0.223,0.346,0.318,J. DuranLF,4.0,1.0,1.0,0.0,0.0,0.0,2.0,0.285,0.342,0.492,Richie Palacios,TBR,Jarren Duran,BOS,43
401570897,J. Caminero3B,4.0,0.0,0.0,0.0,0.0,0.0,1.0,0.248,0.299,0.424,V. Grissom2B,3.0,2.0,1.0,1.0,0.0,1.0,1.0,0.19,0.246,0.219,Junior Caminero,TBR,Vaughn Grissom,BOS,43
401570897,J. Aranda1B,3.0,0.0,0.0,0.0,0.0,0.0,1.0,0.234,0.308,0.43,T. Casas1B,4.0,0.0,1.0,1.0,0.0,0.0,1.0,0.241,0.337,0.462,Jonathan Aranda,TBR,Triston Casas,BOS,43
401570897,C. MorelLF,4.0,0.0,2.0,0.0,0.0,0.0,1.0,0.196,0.288,0.346,C. WongC,4.0,0.0,1.0,1.0,0.0,0.0,0.0,0.28,0.333,0.425,Christopher Morel,TBR,Connor Wong,BOS,43
401570897,J. LoweRF,4.0,1.0,1.0,0.0,0.0,0.0,1.0,0.241,0.302,0.391,W. AbreuRF,3.0,0.0,0.0,0.0,0.0,1.0,1.0,0.253,0.322,0.459,Josh Lowe,TBR,Wilyer Abreu,BOS,43
401570897,J. DeLucaCF,4.0,0.0,1.0,0.0,0.0,0.0,0.0,0.217,0.278,0.331,N. SogardSS,4.0,0.0,1.0,0.0,0.0,0.0,1.0,0.273,0.326,0.325,Jonny DeLuca,TBR,Nick Sogard,BOS,43
401570897,D. CarlsonDH,4.0,0.0,3.0,1.0,0.0,0.0,1.0,0.209,0.287,0.277,C. RafaelaCF,3.0,0.0,2.0,0.0,0.0,0.0,1.0,0.246,0.274,0.39,Dylan Carlson,TBR,Ceddanne Rafaela,BOS,43
401570897,J. CaballeroSS,4.0,0.0,1.0,0.0,0.0,0.0,0.0,0.227,0.283,0.347,M. GasperDH,2.0,0.0,0.0,0.0,0.0,1.0,1.0,0.0,0.217,0.0,Jose Caballero,TBR,Mickey Gasper,BOS,43
401570897,L. DriscollC,3.0,0.0,0.0,0.0,0.0,1.0,0.0,0.171,0.189,0.257,E. Valdez3B,3.0,0.0,0.0,0.0,0.0,0.0,1.0,0.214,0.27,0.363,Logan Driscoll,TBR,Enmanuel Valdez,BOS,43
401570897,team,34.0,1.0,8.0,1.0,0.0,1.0,5.0,,,,team,30.0,3.0,7.0,3.0,0.0,3.0,9.0,,,,,TBR,,BOS,43
401570890,J. BurgerDH,4.0,1.0,1.0,0.0,0.0,0.0,1.0,0.25,0.301,0.46,V. Guerrero Jr.DH,2.0,0.0,0.0,0.0,0.0,2.0,1.0,0.323,0.396,0.544,Jake Burger,MIA,Vladimir Guerrero Jr.,TOR,44
401570890,X. EdwardsSS,4.0,1.0,2.0,0.0,0.0,0.0,0.0,0.328,0.397,0.423,N. LukesPR-DH,0.0,0.0,0.0,0.0,0.0,0.0,0.0,0.303,0.371,0.447,Xavier Edwards,MIA,Nathan Lukes,TOR,44
401570890,C. Norby3B,4.0,0.0,0.0,0.0,0.0,0.0,2.0,0.247,0.315,0.445,J. ClaseCF,4.0,0.0,1.0,0.0,0.0,0.0,1.0,0.35,0.435,0.55,Connor Norby,MIA,Jonatan Clase,TOR,44
401570890,J. Bride1B,3.0,1.0,2.0,2.0,0.0,1.0,0.0,0.276,0.357,0.461,S. Horwitz1B,3.0,0.0,0.0,0.0,0.0,1.0,0.0,0.265,0.357,0.433,Jonah Bride,MIA,Spencer Horwitz,TOR,44
401570890,J. SánchezRF,4.0,0.0,0.0,0.0,0.0,0.0,3.0,0.252,0.313,0.417,E. ClementSS,4.0,0.0,0.0,0.0,0.0,0.0,1.0,0.263,0.284,0.408,Juan Soto,NYY,Ernie Clement,TOR,44
401570890,D. MyersCF,4.0,0.0,1.0,0.0,0.0,0.0,0.0,0.263,0.333,0.442,D. Schneider2B,3.0,0.0,0.0,0.0,0.0,1.0,2.0,0.191,0.282,0.343,Dane Myers,MIA,Davis Schneider,TOR,44
401570890,O. Lopez2B,4.0,0.0,2.0,1.0,0.0,0.0,1.0,0.27,0.313,0.377,L. De Los Santos3B,3.0,1.0,1.0,0.0,0.0,0.0,1.0,0.172,0.226,0.241,Otto Lopez,MIA,Luis De Los Santos,TOR,44
401570890,G. ConineLF,4.0,0.0,0.0,0.0,0.0,0.0,1.0,0.268,0.326,0.451,aA. BargerPH,1.0,0.0,0.0,0.0,0.0,0.0,0.0,0.197,0.25,0.351,Griffin Conine,MIA,Addison Barger,TOR,44
401570890,N. FortesC,4.0,0.0,1.0,0.0,0.0,0.0,0.0,0.227,0.259,0.318,S. BerroaRF,4.0,0.0,2.0,0.0,0.0,0.0,1.0,0.189,0.333,0.216,Nick Fortes,MIA,Steward Berroa,TOR,44
401570890,team,35.0,3.0,9.0,3.0,0.0,1.0,8.0,,,,J. LoperfidoLF,4.0,0.0,0.0,1.0,0.0,0.0,2.0,0.197,0.236,0.343,,MIA,Joey Loperfido,TOR,44
401570890,,,,,,,,,,,,T. HeinemanC,3.0,0.0,0.0,0.0,0.0,0.0,1.0,0.1,0.308,0.1,,MIA,Tyler Heineman,TOR,44
401570890,,,,,,,,,,,,team,31.0,1.0,4.0,1.0,0.0,4.0,10.0,,,,,MIA,,TOR,44
401570898,M. Semien2B,4.0,1.0,1.0,0.0,0.0,1.0,0.0,0.237,0.308,0.391,T. WardLF,4.0,0.0,0.0,0.0,0.0,0.0,1.0,0.246,0.323,0.426,Marcus Semien,TEX,Taylor Ward,LAA,45
401570898,J. SmithSS,5.0,0.0,1.0,2.0,0.0,0.0,0.0,0.258,0.337,0.394,J. LopezSS,4.0,0.0,1.0,0.0,0.0,0.0,1.0,0.254,0.286,0.343,Josh Smith,TEX,Jack Lopez,LAA,45
401570898,W. LangfordLF,5.0,1.0,1.0,0.0,0.0,0.0,0.0,0.253,0.325,0.415,E. Wagaman3B,4.0,0.0,1.0,0.0,0.0,0.0,1.0,0.25,0.27,0.403,Wyatt Langford,TEX,Eric Wagaman,LAA,45
401570898,N. Lowe1B,4.0,2.0,2.0,2.0,1.0,1.0,0.0,0.265,0.361,0.401,K. PillarCF,3.0,0.0,0.0,0.0,0.0,0.0,2.0,0.236,0.291,0.378,Nathaniel Lowe,TEX,Kevin Pillar,LAA,45
401570898,J. HeimC,5.0,0.0,1.0,1.0,0.0,0.0,0.0,0.22,0.267,0.336,B. DruryDH,4.0,0.0,0.0,0.0,0.0,0.0,2.0,0.169,0.242,0.228,Jonah Heim,TEX,Brandon Drury,LAA,45
401570898,L. TaverasCF,5.0,1.0,2.0,0.0,0.0,0.0,0.0,0.229,0.289,0.352,M. ThaissC,3.0,0.0,1.0,0.0,0.0,1.0,0.0,0.204,0.323,0.299,Leody Taveras,TEX,Matt Thaiss,LAA,45
401570898,T. JankowskiRF,2.0,1.0,0.0,0.0,0.0,1.0,0.0,0.2,0.266,0.242,G. CamperoRF,4.0,0.0,0.0,0.0,0.0,0.0,0.0,0.239,0.271,0.348,Travis Jankowski,TEX,Gustavo Campero,LAA,45
401570898,D. HarrisDH,4.0,1.0,2.0,3.0,1.0,0.0,1.0,0.333,0.429,1.0,N. Kavadas1B,4.0,0.0,0.0,0.0,0.0,0.0,1.0,0.183,0.283,0.333,Dustin Harris,TEX,Niko Kavadas,LAA,45
401570898,E. Duran3B,4.0,1.0,1.0,0.0,0.0,0.0,0.0,0.246,0.288,0.321,M. Stefanic2B,2.0,0.0,1.0,0.0,0.0,1.0,0.0,0.218,0.301,0.255,Ezequiel Duran,TEX,Michael Stefanic,LAA,45
401570898,team,38.0,8.0,11.0,8.0,2.0,3.0,1.0,,,,team,32.0,0.0,4.0,0.0,0.0,2.0,8.0,,,,,TEX,,LAA,45
401570884,G. HendersonSS,3.0,0.0,0.0,0.0,0.0,0.0,0.0,0.281,0.364,0.529,E. JulienDH,4.0,0.0,0.0,0.0,0.0,0.0,2.0,0.199,0.292,0.323,Gunnar Henderson,BAL,Edouard Julien,MIN,46
401570884,J. HollidaySS,1.0,0.0,1.0,0.0,0.0,1.0,0.0,0.189,0.255,0.311,A. MartinLF,4.0,0.0,2.0,0.0,0.0,0.0,1.0,0.253,0.318,0.352,Jackson Holliday,BAL,Austin Martin,MIN,46
401570884,J. Westburg2B,5.0,0.0,1.0,2.0,0.0,0.0,2.0,0.264,0.312,0.481,B. LeeSS,4.0,0.0,1.0,0.0,0.0,0.0,1.0,0.221,0.265,0.32,Jordan Westburg,BAL,Brooks Lee,MIN,46
401570884,A. RutschmanDH,4.0,0.0,0.0,0.0,0.0,0.0,1.0,0.25,0.318,0.391,R. Lewis3B,4.0,0.0,0.0,0.0,0.0,0.0,1.0,0.233,0.295,0.452,Adley Rutschman,BAL,Royce Lewis,MIN,46
401570884,C. CowserLF-CF,4.0,0.0,0.0,0.0,0.0,0.0,0.0,0.242,0.321,0.447,C. Santana1B,2.0,1.0,1.0,1.0,1.0,2.0,0.0,0.238,0.328,0.42,Colton Cowser,BAL,Carlos Santana,MIN,46
401570884,R. Mountcastle1B,4.0,0.0,1.0,0.0,0.0,0.0,2.0,0.271,0.308,0.425,K. Farmer2B,4.0,0.0,0.0,0.0,0.0,0.0,1.0,0.214,0.293,0.353,Ryan Mountcastle,BAL,Kyle Farmer,MIN,46
401570884,R. O'HearnRF,2.0,2.0,2.0,0.0,0.0,1.0,0.0,0.264,0.334,0.427,M. MargotRF,4.0,0.0,2.0,0.0,0.0,0.0,0.0,0.238,0.289,0.337,Ryan O'Hearn,BAL,Manuel Margot,MIN,46
401570884,H. KjerstadRF,1.0,1.0,1.0,1.0,1.0,0.0,0.0,0.253,0.351,0.394,C. VazquezC,4.0,0.0,0.0,0.0,0.0,0.0,2.0,0.221,0.248,0.327,Heston Kjerstad,BAL,Christian Vazquez,MIN,46
401570884,C. MullinsCF,3.0,2.0,2.0,0.0,0.0,0.0,0.0,0.234,0.305,0.405,D. Keirsey Jr.CF,2.0,1.0,1.0,1.0,1.0,0.0,0.0,0.154,0.214,0.385,Cedric Mullins,BAL,DaShawn Keirsey Jr.,MIN,46
401570884,A. SlaterLF,1.0,0.0,0.0,0.0,0.0,0.0,0.0,0.246,0.342,0.333,aM. HelmanPH-CF,1.0,0.0,0.0,0.0,0.0,0.0,0.0,0.3,0.3,0.5,Austin Slater,BAL,Michael Helman,MIN,46
401570884,R. Urias3B,2.0,0.0,0.0,0.0,0.0,0.0,0.0,0.254,0.322,0.423,team,33.0,2.0,7.0,2.0,2.0,2.0,8.0,,,,Ramon Urias,BAL,,MIN,46
401570884,E. Rivera3B,2.0,0.0,0.0,0.0,0.0,0.0,1.0,0.313,0.37,0.578,,,,,,,,,,,,Emmanuel Rivera,BAL,,MIN,46
401570884,J. McCannC,4.0,1.0,1.0,3.0,1.0,0.0,2.0,0.234,0.279,0.388,,,,,,,,,,,,James McCann,BAL,,MIN,46
401570884,team,36.0,6.0,9.0,6.0,2.0,2.0,8.0,,,,,,,,,,,,,,,,BAL,,MIN,46
401570885,M. Vargas3B,3.0,1.0,0.0,0.0,0.0,1.0,0.0,0.104,0.217,0.17,P. MeadowsCF,4.0,1.0,2.0,0.0,0.0,1.0,0.0,0.244,0.31,0.433,Miguel Vargas,CHW,Parker Meadows,DET,47
401570885,L. Robert Jr.CF,5.0,1.0,1.0,0.0,0.0,0.0,1.0,0.224,0.278,0.379,K. CarpenterDH,5.0,1.0,1.0,4.0,1.0,0.0,1.0,0.284,0.345,0.587,Luis Robert Jr.,CHW,Kerry Carpenter,DET,47
401570885,Z. DeLoachLF,4.0,2.0,1.0,0.0,0.0,1.0,1.0,0.209,0.293,0.328,M. Vierling3B,3.0,1.0,0.0,0.0,0.0,1.0,1.0,0.257,0.312,0.423,Zach DeLoach,CHW,Matt Vierling,DET,47
401570885,A. Vaughn1B,5.0,0.0,1.0,0.0,0.0,0.0,1.0,0.246,0.297,0.402,R. GreeneLF,3.0,0.0,0.0,0.0,0.0,1.0,0.0,0.262,0.348,0.479,Andrew Vaughn,CHW,Riley Greene,DET,47
401570885,L. Sosa2B,4.0,3.0,3.0,3.0,1.0,1.0,0.0,0.254,0.283,0.359,W. PerezRF,4.0,0.0,2.0,0.0,0.0,0.0,1.0,0.242,0.3,0.383,Lenyn Sosa,CHW,Wenceel Perez,DET,47
401570885,B. RamosDH,4.0,2.0,2.0,2.0,0.0,1.0,1.0,0.202,0.252,0.333,C. Keith2B,2.0,0.0,0.0,0.0,0.0,0.0,0.0,0.26,0.309,0.38,Bryan Ramos,CHW,Colt Keith,DET,47
401570885,K. LeeC,5.0,0.0,1.0,2.0,0.0,0.0,0.0,0.21,0.244,0.347,aA. IbanezPH-2B,1.0,0.0,0.0,0.0,0.0,0.0,0.0,0.241,0.295,0.357,Korey Lee,CHW,Andy Ibanez,DET,47
401570885,D. FletcherRF,4.0,0.0,1.0,1.0,0.0,0.0,0.0,0.206,0.252,0.256,bJ. JungPH-2B,0.0,0.0,0.0,0.0,0.0,1.0,0.0,0.241,0.362,0.304,Dominic Fletcher,CHW,Josh Jung,TEX,47
401570885,J. AmayaSS,5.0,0.0,1.0,1.0,0.0,0.0,3.0,0.179,0.225,0.194,S. Torkelson1B,2.0,1.0,1.0,1.0,0.0,2.0,0.0,0.219,0.295,0.374,Jacob Amaya,CHW,Spencer Torkelson,DET,47
401570885,team,39.0,9.0,11.0,9.0,1.0,4.0,7.0,,,,T. SweeneySS,3.0,1.0,0.0,0.0,0.0,1.0,1.0,0.218,0.269,0.373,,CHW,Trey Sweeney,DET,47
401570885,,,,,,,,,,,,J. RogersC,3.0,0.0,0.0,0.0,0.0,0.0,0.0,0.197,0.255,0.352,,CHW,Jake Rogers,DET,47
401570885,,,,,,,,,,,,cZ. McKinstryPH,1.0,0.0,0.0,0.0,0.0,0.0,0.0,0.215,0.277,0.337,,CHW,Zach McKinstry,DET,47
401570885,,,,,,,,,,,,team,31.0,5.0,6.0,5.0,1.0,7.0,4.0,,,,,CHW,,DET,47
401570889,S. OhtaniDH,4.0,0.0,1.0,0.0,0.0,0.0,0.0,0.31,0.39,0.646,C. BlackmonCF-RF,2.0,0.0,1.0,0.0,0.0,0.0,0.0,0.256,0.329,0.412,Shohei Ohtani,LAD,Charlie Blackmon,COL,48
401570889,M. BettsRF,2.0,0.0,0.0,0.0,0.0,0.0,0.0,0.289,0.372,0.491,J. BeckPR-LF,2.0,0.0,0.0,0.0,0.0,0.0,2.0,0.188,0.245,0.276,Mookie Betts,LAD,Jordan Beck,COL,48
401570889,J. OutmanCF,1.0,0.0,0.0,0.0,0.0,1.0,1.0,0.147,0.256,0.265,E. TovarSS,4.0,0.0,0.0,0.0,0.0,0.0,0.0,0.269,0.295,0.469,James Outman,LAD,Ezequiel Tovar,COL,48
401570889,T. HernándezLF,4.0,0.0,2.0,0.0,0.0,0.0,1.0,0.272,0.339,0.501,R. McMahon3B,4.0,0.0,0.0,0.0,0.0,0.0,1.0,0.242,0.325,0.397,Teoscar Hernandez,LAD,Ryan McMahon,COL,48
401570889,M. Muncy3B,4.0,0.0,0.0,0.0,0.0,0.0,1.0,0.232,0.358,0.494,M. Toglia1B,4.0,0.0,1.0,0.0,0.0,0.0,2.0,0.218,0.311,0.456,Max Muncy,LAD,Michael Toglia,COL,48
401570889,T. EdmanSS,4.0,0.0,0.0,0.0,0.0,0.0,1.0,0.237,0.294,0.417,N. JonesDH,3.0,0.0,1.0,0.0,0.0,1.0,1.0,0.227,0.321,0.32,Tommy Edman,LAD,Nolan Jones,COL,48
401570889,E. Hernández1B,4.0,0.0,0.0,0.0,0.0,0.0,0.0,0.229,0.281,0.373,S. HilliardLF-CF,3.0,1.0,1.0,1.0,1.0,1.0,1.0,0.239,0.305,0.507,Ryan O'Hearn,BAL,Sam Hilliard,COL,48
401570889,C. Taylor2B,2.0,1.0,1.0,1.0,1.0,1.0,1.0,0.202,0.298,0.3,J. CaveRF-LF-RF,4.0,0.0,1.0,0.0,0.0,0.0,3.0,0.251,0.29,0.396,Chris Taylor,LAD,Jake Cave,COL,48
401570889,A. PagesCF-RF,3.0,0.0,0.0,0.0,0.0,0.0,1.0,0.248,0.305,0.407,A. Schunk2B,4.0,0.0,0.0,0.0,0.0,0.0,2.0,0.234,0.265,0.33,Andy Pages,LAD,Aaron Schunk,COL,48
401570889,A. BarnesC,3.0,1.0,1.0,0.0,0.0,0.0,1.0,0.264,0.331,0.307,D. RomoC,3.0,0.0,1.0,0.0,0.0,0.0,0.0,0.176,0.208,0.235,Austin Barnes,LAD,Drew Romo,COL,48
401570889,team,31.0,2.0,5.0,1.0,1.0,2.0,7.0,,,,team,33.0,1.0,6.0,1.0,1.0,2.0,12.0,,,,,LAD,,COL,48
401570891,F. LindorSS,4.0,2.0,2.0,2.0,1.0,1.0,0.0,0.272,0.344,0.496,B. Turang2B,4.0,0.0,1.0,0.0,0.0,0.0,1.0,0.254,0.316,0.349,Francisco Lindor,NYM,Brice Turang,MIL,49
401570891,J. Iglesias2B-3B,5.0,0.0,2.0,0.0,0.0,0.0,1.0,0.341,0.387,0.456,J. ChourioRF,4.0,0.0,1.0,0.0,0.0,0.0,1.0,0.275,0.327,0.464,Jose Iglesias,NYM,Jackson Chourio,MIL,49
401570891,B. NimmoLF,5.0,0.0,1.0,1.0,0.0,0.0,2.0,0.224,0.328,0.396,W. AdamesSS,2.0,0.0,0.0,0.0,0.0,1.0,0.0,0.251,0.331,0.462,Brandon Nimmo,NYM,Willy Adames,MIL,49
401570891,M. Vientos3B,5.0,1.0,2.0,0.0,0.0,0.0,0.0,0.268,0.324,0.52,A. Monasterio3B,1.0,0.0,0.0,0.0,0.0,0.0,1.0,0.208,0.303,0.272,Mark Vientos,NYM,Andruw Monasterio,MIL,49
401570891,E. Alvarez2B,0.0,0.0,0.0,0.0,0.0,0.0,0.0,0.0,0.143,0.0,J. Bauers1B,3.0,0.0,0.0,0.0,0.0,1.0,1.0,0.199,0.301,0.361,Eddy Alvarez,NYM,Jake Bauers,MIL,49
401570891,P. Alonso1B,3.0,0.0,0.0,0.0,0.0,1.0,1.0,0.24,0.33,0.462,E. HaaseC,3.0,0.0,0.0,0.0,0.0,0.0,2.0,0.273,0.304,0.515,Pete Alonso,NYM,Eric Haase,MIL,49
401570891,J.D. MartinezDH,5.0,1.0,2.0,0.0,0.0,0.0,1.0,0.234,0.318,0.406,aG. MitchellPH,1.0,0.0,0.0,0.0,0.0,0.0,1.0,0.255,0.342,0.469,J.D. Martinez,NYM,Garrett Mitchell,MIL,49
401570891,L. AcunaPR-DH,0.0,0.0,0.0,0.0,0.0,0.0,0.0,0.343,0.361,0.714,I. CollinsLF,4.0,0.0,0.0,0.0,0.0,0.0,3.0,0.118,0.211,0.118,Luisangel Acuna,NYM,Isaac Collins,MIL,49
401570891,S. MarteRF,2.0,0.0,0.0,0.0,0.0,1.0,0.0,0.266,0.323,0.387,B. PerkinsCF,2.0,0.0,0.0,0.0,0.0,1.0,1.0,0.24,0.316,0.332,Starling Marte,NYM,Blake Perkins,MIL,49
401570891,H. BaderCF,1.0,0.0,0.0,0.0,0.0,0.0,1.0,0.239,0.287,0.378,G. SanchezDH,2.0,0.0,1.0,0.0,0.0,1.0,0.0,0.22,0.307,0.392,Harrison Bader,NYM,Gary Sanchez,MIL,49
401570891,F. AlvarezC,3.0,1.0,2.0,2.0,0.0,0.0,0.0,0.237,0.308,0.401,J. Ortiz3B-SS,3.0,0.0,0.0,0.0,0.0,0.0,1.0,0.239,0.329,0.398,Francisco Alvarez,NYM,Joey Ortiz,MIL,49
401570891,L. TorrensC,0.0,0.0,0.0,0.0,0.0,0.0,0.0,0.235,0.299,0.383,team,29.0,0.0,3.0,0.0,0.0,4.0,12.0,,,,Luis Torrens,NYM,,MIL,49
401570891,T. TaylorCF-RF,4.0,0.0,1.0,0.0,0.0,0.0,0.0,0.247,0.3,0.401,,,,,,,,,,,,Taylor Ward,LAA,,MIL,49
401570891,team,37.0,5.0,12.0,5.0,1.0,3.0,6.0,,,,,,,,,,,,,,,,LAA,,MIL,49
401570892,J. BledayCF,4.0,0.0,0.0,0.0,0.0,0.0,1.0,0.243,0.324,0.437,V. RoblesRF-CF,4.0,1.0,1.0,1.0,0.0,0.0,0.0,0.328,0.393,0.467,JJ Bleday,OAK,Victor Robles,SEA,50
401570892,B. RookerDH,4.0,0.0,0.0,0.0,0.0,0.0,2.0,0.293,0.365,0.562,J. RodriguezCF,3.0,1.0,1.0,1.0,0.0,0.0,1.0,0.273,0.325,0.409,Brent Rooker,OAK,Julio Rodriguez,SEA,50
401570892,T. Soderstrom1B,4.0,1.0,1.0,0.0,0.0,0.0,2.0,0.233,0.315,0.429,aL. RivasPH-SS-2B,1.0,0.0,0.0,0.0,0.0,0.0,0.0,0.233,0.333,0.274,Tyler Soderstrom,OAK,Leo Rivas,SEA,50
401570892,S. BrownRF,4.0,2.0,2.0,0.0,0.0,0.0,1.0,0.231,0.283,0.379,C. RaleighC,4.0,2.0,2.0,2.0,1.0,0.0,0.0,0.22,0.312,0.436,Seth Brown,OAK,Cal Raleigh,SEA,50
401570892,Z. Gelof2B,4.0,1.0,1.0,0.0,0.0,0.0,2.0,0.211,0.27,0.362,M. GarverC,0.0,0.0,0.0,0.0,0.0,0.0,0.0,0.172,0.286,0.341,Zack Gelof,OAK,Mitch Garver,SEA,50
401570892,T. Nevin3B,3.0,0.0,1.0,2.0,0.0,0.0,1.0,0.204,0.288,0.331,R. ArozarenaLF,3.0,1.0,1.0,0.0,0.0,1.0,1.0,0.231,0.356,0.377,Tyler Nevin,OAK,Randy Arozarena,SEA,50
401570892,D. Hernaiz3B,1.0,0.0,1.0,2.0,0.0,0.0,0.0,0.192,0.261,0.242,L. Raley1B,3.0,0.0,0.0,0.0,0.0,0.0,2.0,0.243,0.32,0.463,Darell Hernaiz,OAK,Luke Raley,SEA,50
401570892,K. McCannC,3.0,0.0,0.0,0.0,0.0,1.0,1.0,0.236,0.318,0.371,J. TurnerDH,2.0,0.0,1.0,2.0,0.0,0.0,1.0,0.264,0.363,0.403,Kyle McCann,OAK,Justin Turner,SEA,50
401570892,D. CameronLF,2.0,0.0,0.0,0.0,0.0,0.0,0.0,0.2,0.258,0.329,bL. UriasPH-DH,1.0,0.0,1.0,0.0,0.0,0.0,0.0,0.191,0.303,0.394,Daz Cameron,OAK,Luis Urias,SEA,50
401570892,aM. SchuemannPH-LF,2.0,0.0,0.0,0.0,0.0,0.0,2.0,0.22,0.311,0.308,J. Polanco2B,2.0,0.0,0.0,0.0,0.0,1.0,1.0,0.213,0.296,0.355,Max Schuemann,OAK,Jorge Polanco,SEA,50
401570892,N. AllenSS,3.0,0.0,1.0,0.0,0.0,0.0,0.0,0.175,0.216,0.247,M. HanigerRF,1.0,0.0,0.0,0.0,0.0,0.0,1.0,0.208,0.286,0.334,Nick Allen,OAK,Mitch Haniger,SEA,50
401570892,team,34.0,4.0,7.0,4.0,0.0,1.0,12.0,,,,J.P. CrawfordSS,3.0,1.0,2.0,0.0,0.0,0.0,0.0,0.202,0.304,0.321,,OAK,J.P. Crawford,SEA,50
401570892,,,,,,,,,,,,D. MooreCF-SS,1.0,0.0,0.0,0.0,0.0,0.0,0.0,0.201,0.32,0.367,,OAK,Dylan Moore,SEA,50
401570892,,,,,,,,,,,,J. Rojas3B,4.0,0.0,0.0,0.0,0.0,0.0,1.0,0.225,0.304,0.336,,OAK,Josh Rojas,SEA,50
401570892,,,,,,,,,,,,team,32.0,6.0,9.0,6.0,1.0,2.0,8.0,,,,,OAK,,SEA,50
401570895,L. Arraez1B,3.0,1.0,1.0,0.0,0.0,0.0,1.0,0.318,0.346,0.398,K. Marte2B,5.0,1.0,2.0,2.0,1.0,0.0,0.0,0.292,0.372,0.56,Luis Arraez,SDP,Ketel Marte,ARI,51
401570895,D. Solano1B,1.0,0.0,0.0,0.0,0.0,0.0,1.0,0.286,0.343,0.417,K. Newman2B,0.0,0.0,0.0,0.0,0.0,0.0,0.0,0.278,0.311,0.375,Donovan Solano,SDP,Kevin Newman,ARI,51
401570895,F. Tatis Jr.DH,4.0,0.0,0.0,0.0,0.0,0.0,2.0,0.276,0.34,0.492,C. CarrollRF,4.0,1.0,0.0,0.0,0.0,1.0,1.0,0.231,0.322,0.428,Fernando Tatis Jr.,SDP,Corbin Carroll,ARI,51
401570895,J. Cronenworth2B,4.0,0.0,0.0,1.0,0.0,0.0,1.0,0.241,0.324,0.39,L. Gurriel Jr.LF,5.0,0.0,3.0,1.0,0.0,0.0,0.0,0.279,0.322,0.435,Jake Cronenworth,SDP,Lourdes Gurriel Jr.,ARI,51
401570895,D. PeraltaLF,4.0,0.0,0.0,0.0,0.0,0.0,3.0,0.267,0.335,0.415,A. ThomasPR-CF,0.0,1.0,0.0,0.0,0.0,0.0,0.0,0.189,0.245,0.358,David Peralta,SDP,Alek Thomas,ARI,51
401570895,J. MerrillCF,2.0,0.0,1.0,0.0,0.0,1.0,0.0,0.292,0.326,0.5,C. Walker1B,3.0,1.0,1.0,0.0,0.0,0.0,0.0,0.251,0.335,0.468,Jackson Merrill,SDP,Christian Walker,ARI,51
401570895,N. AhmedSS,3.0,1.0,1.0,0.0,0.0,0.0,1.0,0.143,0.143,0.143,R. GrichukDH,5.0,3.0,2.0,2.0,1.0,0.0,0.0,0.291,0.348,0.528,Nick Ahmed,SDP,Randal Grichuk,ARI,51
401570895,E. DiazC,3.0,0.0,1.0,1.0,0.0,0.0,0.0,0.19,0.292,0.429,E. Suarez3B,5.0,2.0,3.0,2.0,1.0,0.0,2.0,0.256,0.319,0.469,Elias Diaz,SDP,Eugenio Suarez,ARI,51
401570895,T. Wade3B,3.0,0.0,0.0,0.0,0.0,0.0,0.0,0.217,0.285,0.239,J. McCarthyCF-LF,5.0,1.0,3.0,2.0,0.0,0.0,1.0,0.285,0.349,0.4,Tyler Wade,SDP,Jake McCarthy,ARI,51
401570895,B. LockridgeRF,3.0,0.0,0.0,0.0,0.0,0.0,2.0,0.167,0.167,0.417,G. MorenoC,3.0,1.0,1.0,1.0,0.0,1.0,1.0,0.266,0.353,0.38,Brandon Lockridge,SDP,Gabriel Moreno,ARI,51
401570895,team,30.0,2.0,4.0,2.0,0.0,1.0,11.0,,,,G. PerdomoSS,3.0,0.0,1.0,1.0,0.0,0.0,1.0,0.273,0.344,0.374,,SDP,Geraldo Perdomo,ARI,51
401570895,,,,,,,,,,,,team,38.0,11.0,16.0,11.0,3.0,2.0,6.0,,,,,SDP,,ARI,51
401570886,J. India2B,3.0,1.0,1.0,0.0,0.0,2.0,1.0,0.248,0.357,0.392,I. HappLF,4.0,0.0,0.0,0.0,0.0,1.0,1.0,0.243,0.341,0.441,Jonathan India,CIN,Ian Happ,CHC,52
401570886,E. De La CruzSS,5.0,1.0,1.0,2.0,0.0,0.0,2.0,0.259,0.339,0.471,N. Hoerner2B,5.0,0.0,1.0,0.0,0.0,0.0,1.0,0.273,0.335,0.373,Elly De La Cruz,CIN,Nico Hoerner,CHC,52
401570886,T. StephensonDH-C,3.0,0.0,1.0,1.0,0.0,2.0,0.0,0.258,0.339,0.444,S. SuzukiDH,4.0,0.0,1.0,0.0,0.0,1.0,0.0,0.283,0.366,0.482,Tyler Stephenson,CIN,Seiya Suzuki,CHC,52
401570886,S. SteerLF,5.0,0.0,0.0,0.0,0.0,0.0,3.0,0.225,0.319,0.402,M. Busch1B,1.0,0.0,0.0,0.0,0.0,4.0,0.0,0.248,0.335,0.44,Spencer Steer,CIN,Michael Busch,CHC,52
401570886,B. FarmerP,0.0,0.0,0.0,0.0,0.0,0.0,0.0,0.0,0.0,0.0,I. Paredes3B,3.0,0.0,0.0,0.0,0.0,1.0,1.0,0.223,0.325,0.307,Buck Farmer,CIN,Isaac Paredes,CHC,52
401570886,T. FriedlCF,5.0,0.0,1.0,0.0,0.0,0.0,0.0,0.226,0.31,0.38,P. Crow-ArmstrongCF,3.0,0.0,0.0,0.0,0.0,0.0,0.0,0.237,0.286,0.384,TJ Friedl,CIN,Pete Crow-Armstrong,CHC,52
401570886,T. France1B,4.0,0.0,0.0,0.0,0.0,0.0,0.0,0.251,0.292,0.391,C. BethancourtC,4.0,0.0,0.0,0.0,0.0,0.0,1.0,0.281,0.305,0.509,Ty France,CIN,Christian Bethancourt,CHC,52
401570886,J. FraleyRF,4.0,0.0,3.0,0.0,0.0,0.0,0.0,0.277,0.33,0.386,K. AlcantaraRF,3.0,0.0,0.0,0.0,0.0,0.0,0.0,0.1,0.1,0.1,Jake Fraley,CIN,Kevin Alcantara,CHC,52
401570886,N. Marte3B,4.0,0.0,0.0,0.0,0.0,0.0,0.0,0.21,0.248,0.301,aM. TauchmanPH-RF,1.0,0.0,0.0,0.0,0.0,0.0,0.0,0.248,0.357,0.366,Noelvi Marte,CIN,Mike Tauchman,CHC,52
401570886,L. MaileC,4.0,0.0,2.0,0.0,0.0,0.0,1.0,0.178,0.268,0.252,L. VazquezSS,4.0,0.0,1.0,0.0,0.0,0.0,2.0,0.083,0.143,0.083,Luke Maile,CIN,Luis Vazquez,CHC,52
401570886,B. DunnPR-LF,0.0,1.0,0.0,0.0,0.0,0.0,0.0,0.154,0.241,0.308,team,32.0,0.0,3.0,0.0,0.0,7.0,6.0,,,,Blake Dunn,CIN,,CHC,52
401570886,team,37.0,3.0,9.0,3.0,0.0,4.0,7.0,,,,,,,,,,,,,,,,CIN,,CHC,52
401570888,T. PhamDH,4.0,1.0,1.0,0.0,0.0,0.0,1.0,0.228,0.25,0.337,M. Harris IICF,5.0,0.0,3.0,0.0,0.0,0.0,0.0,0.266,0.306,0.424,Tommy Pham,KCR,Michael Harris II,ATL,53
401570888,B. Witt Jr.SS,4.0,1.0,1.0,0.0,0.0,0.0,1.0,0.332,0.389,0.588,O. Albies2B,5.0,0.0,0.0,0.0,0.0,0.0,0.0,0.247,0.298,0.393,Bobby Witt Jr.,KCR,Ozzie Albies,ATL,53
401570888,M. Massey2B,4.0,1.0,1.0,3.0,1.0,0.0,1.0,0.259,0.294,0.449,M. OzunaDH,4.0,0.0,0.0,0.0,0.0,0.0,1.0,0.304,0.381,0.552,Michael Massey,KCR,Marcell Ozuna,ATL,53
401570888,Y. Gurriel1B,4.0,0.0,0.0,0.0,0.0,0.0,3.0,0.241,0.338,0.296,M. Olson1B,3.0,1.0,1.0,0.0,0.0,0.0,0.0,0.247,0.334,0.46,Yuli Gurriel,KCR,Matt Olson,ATL,53
401570888,M. MelendezLF,3.0,0.0,0.0,0.0,0.0,1.0,2.0,0.206,0.273,0.4,J. SolerRF,2.0,0.0,0.0,0.0,0.0,1.0,0.0,0.24,0.356,0.486,MJ Melendez,KCR,Jorge Soler,ATL,53
401570888,H. RenfroeRF,4.0,1.0,1.0,1.0,1.0,0.0,2.0,0.229,0.297,0.392,E. WhitePR-RF,0.0,0.0,0.0,0.0,0.0,0.0,0.0,0.27,0.308,0.432,Hunter Renfroe,KCR,Eli White,ATL,53
401570888,F. FerminC,3.0,0.0,1.0,0.0,0.0,0.0,1.0,0.271,0.319,0.366,R. LaureanoLF,4.0,0.0,1.0,1.0,0.0,0.0,3.0,0.293,0.323,0.495,Freddy Fermin,KCR,Ramon Laureano,ATL,53
401570888,M. Garcia3B,2.0,0.0,0.0,0.0,0.0,1.0,1.0,0.231,0.281,0.332,S. MurphyC,4.0,0.0,0.0,0.0,0.0,0.0,1.0,0.194,0.28,0.353,Maikel Garcia,KCR,Sean Murphy,ATL,53
401570888,K. IsbelCF,2.0,0.0,0.0,0.0,0.0,1.0,2.0,0.229,0.287,0.367,G. Urshela3B,4.0,1.0,2.0,1.0,1.0,0.0,1.0,0.264,0.281,0.432,Kyle Isbel,KCR,Gio Urshela,ATL,53
401570888,team,30.0,4.0,5.0,4.0,2.0,3.0,14.0,,,,O. ArciaSS,2.0,0.0,1.0,0.0,0.0,1.0,0.0,0.22,0.272,0.357,,KCR,Orlando Arcia,ATL,53
401570888,,,,,,,,,,,,aT. d'ArnaudPH,1.0,0.0,0.0,0.0,0.0,0.0,1.0,0.235,0.301,0.437,,KCR,Travis d'Arnaud,ATL,53
401570888,,,,,,,,,,,,team,34.0,2.0,8.0,2.0,1.0,2.0,7.0,,,,,KCR,,ATL,53
